===========================================================================
LOG DE NODOS PENDIENTES DE TRADUCCIÓN
===========================================================================

📂 ARCHIVO: data/callout_wheel.json
---------------------------------------------------------------------------
[icons[6].text_maps[0].default.world_icon] -> thanks
[icons[7].text_maps[0].player_thanks.world_icon] -> thanks

📂 ARCHIVO: data/charsheet.json
---------------------------------------------------------------------------
[hover_text.stats.stat_base_amount] -> Base:
[hover_text.stats.stat_int_res_value_format] -> +%d%% RES
[hover_text.attributes_res.attributes_res_bonus_format] -> %+d%% RES
[hover_text.attributes_res.attributes_res_nobonus_format] -> %d%% RES
[level_strings.Mages Guild.display_name] -> Hamlet

📂 ARCHIVO: data/compendium/events_text.json
---------------------------------------------------------------------------
[tags[141].STAT_INCREASES.format] -> %d Pts
[tags[151].CLASS_STAT_CON_MAX.format] -> %d CON (%s)
[tags[156].CLASS_RES_MAX.format] -> +%d%% RES
[tags[362].WORKBENCH_SKILLUPS.format] -> %d Pts
[tags[365].CAULDRON_SKILLUPS.format] -> %d Pts
[custom_tags.CUSTOM_SKILL_TOTAL_LVLS_SWORD.format] -> %d Pts
[custom_tags.CUSTOM_SKILL_TOTAL_LVLS_AXE.format] -> %d Pts
[custom_tags.CUSTOM_SKILL_TOTAL_LVLS_POLEARM.format] -> %d Pts
[custom_tags.CUSTOM_SKILL_TOTAL_LVLS_MACE.format] -> %d Pts
[custom_tags.CUSTOM_SKILL_TOTAL_LVLS_UNARMED.format] -> %d Pts
[custom_tags.CUSTOM_SKILL_TOTAL_LVLS_STEALTH.format] -> %d Pts
[custom_tags.CUSTOM_SKILL_TOTAL_LVLS_BLOCKING.format] -> %d Pts
[custom_tags.CUSTOM_SKILL_TOTAL_LVLS_RANGED.format] -> %d Pts
[custom_tags.CUSTOM_SKILL_TOTAL_LVLS_MAGIC.format] -> %d Pts
[custom_tags.CUSTOM_SKILL_TOTAL_LVLS_CASTING.format] -> %d Pts
[custom_tags.CUSTOM_SKILL_TOTAL_LVLS_APPRAISAL.format] -> %d Pts
[custom_tags.CUSTOM_SKILL_TOTAL_LVLS_SWIMMING.format] -> %d Pts
[custom_tags.CUSTOM_SKILL_TOTAL_LVLS_LEADERSHIP.format] -> %d Pts
[custom_tags.CUSTOM_SKILL_TOTAL_LVLS_TRADING.format] -> %d Pts
[custom_tags.CUSTOM_SKILL_TOTAL_LVLS_ALCHEMY.format] -> %d Pts
[custom_tags.CUSTOM_SKILL_TOTAL_LVLS_TINKERING.format] -> %d Pts
[custom_tags.CUSTOM_SKILLS_GAINED_FOR_CLASS.format] -> %d Pts
[custom_tags.CUSTOM_MOST_SKILL_GAINS.format] -> %s (%d Pts)
[custom_tags.CUSTOM_LEAST_SKILL_GAINS.format] -> %s (%d Pts)

📂 ARCHIVO: data/monster_data.json
---------------------------------------------------------------------------
[monsters.human.specialNPCs.anansi.localized_name] -> Anansi
[monsters.human.specialNPCs.vishpala.localized_name] -> Vishpala
[monsters.spider.specialNPCs.shelob.localized_name] -> Shelob
[monsters.ghoul.specialNPCs.coral grimes.localized_name] -> Coral Grimes
[monsters.demon.specialNPCs.deudebreau.localized_name] -> Deu De'Breau
[monsters.scarab.specialNPCs.xyggi.localized_name] -> Xyggi
[monsters.incubus.specialNPCs.johann.localized_name] -> Johann
[monsters.shadow.specialNPCs.artemisia.localized_name] -> Artemisia
[monsters.shadow.specialNPCs.baratheon.localized_name] -> Baratheon
[monsters.goatman.specialNPCs.gharbad.localized_name] -> Gharbad

📂 ARCHIVO: data/scripts/tutorial10/script.json
---------------------------------------------------------------------------
[script_entries.tutorial10r.sign[0]] -> To drop gold, hover on
[script_entries.tutorial10r.sign[1]] -> your gold count, hold$
[script_entries.tutorial10r.sign[2]] -> and pick how much to drop.
[script_entries.tutorial10r.sign[4]] -> If you are carrying lots
[script_entries.tutorial10r.sign[5]] -> of gold, its weight can
[script_entries.tutorial10r.sign[6]] -> add up and slow you down.

📂 ARCHIVO: data/scripts/tutorial5/script.json
---------------------------------------------------------------------------
[script_entries.tutorial5m.sign[0]] -> Memorized spells appear
[script_entries.tutorial5m.sign[1]] -> in your magic list, and can
[script_entries.tutorial5m.sign[2]] -> be placed in the hotbar.
[script_entries.tutorial5m.sign[4]] -> Quickly access the
[script_entries.tutorial5m.sign[5]] -> list with$and ready
[script_entries.tutorial5m.sign[6]] -> the spell with$ .

📂 ARCHIVO: data/scripts/tutorial7/script.json
---------------------------------------------------------------------------
[script_entries.tutorial7d.sign[0]] -> Order followers
[script_entries.tutorial7d.sign[1]] -> to [Wait] to keep
[script_entries.tutorial7d.sign[2]] -> them out of the way.
[script_entries.tutorial7d.sign[4]] -> When set to [Follow]
[script_entries.tutorial7d.sign[5]] -> follwers will attempt
[script_entries.tutorial7d.sign[6]] -> to stay close to you.

📂 ARCHIVO: data/scripts/tutorial8/script.json
---------------------------------------------------------------------------
[script_entries.tutorial8a_gamepad.sign[2]] -> Your HP is low as
[script_entries.tutorial8a_gamepad.sign[3]] -> a result of poisoning.
[script_entries.tutorial8a_gamepad.sign[4]] -> The Potion of Extra Healing
[script_entries.tutorial8a_gamepad.sign[5]] -> will help.
[script_entries.tutorial8d.variables[0].value] -> *#data/scripts/tutorial8/sign_blessedalembic.png
[script_entries.tutorial8e.variables[0].value] -> *#data/scripts/tutorial8/sign_cursedalembic.png
[script_entries.tutorial8aj.sign[0]] -> Bottled Water
[script_entries.tutorial8aj.sign[2]] -> Mix water with other
[script_entries.tutorial8aj.sign[3]] -> potions to duplicate them.
[script_entries.tutorial8aj.sign[4]] -> Can reduce hunger a little.
[script_entries.tutorial8aj.sign[5]] -> Blessed water is deadly
[script_entries.tutorial8aj.sign[6]] -> to certain monsters.
[script_entries.tutorial8am.sign[2]] -> Potions of Thunderstorm
[script_entries.tutorial8am.sign[3]] -> can be reliably brewed
[script_entries.tutorial8am.sign[4]] -> by mixing Acid and Speed
[script_entries.tutorial8am.sign[5]] -> potions together.

📂 ARCHIVO: data/scripts/tutorial9/script.json
---------------------------------------------------------------------------
[script_entries.tutorial9l_gamepad.sign[0]] -> To quickly access the
[script_entries.tutorial9l_gamepad.sign[1]] -> tinker menu with the
[script_entries.tutorial9l_gamepad.sign[2]] -> tinkering kit equipped,
[script_entries.tutorial9l_gamepad.sign[3]] -> hold$and press$ .
[script_entries.tutorial9w.sign[1]] -> Use$ to command machines.
[script_entries.tutorial9w.sign[2]] -> Deactivate, collect
[script_entries.tutorial9w.sign[3]] -> and bring them along
[script_entries.tutorial9w.sign[4]] -> for continued use.

📂 ARCHIVO: data/skillsheet_entries.json
---------------------------------------------------------------------------
[alchemy_potion_names_to_filter[0]] -> potion of 
[alchemy_potion_names_to_filter[1]] -> bottle of 
[skills[1].effects[1].value] -> %+d AC
[skills[2].effects[0].tag] -> WEAPON_DMG_EFFECTIVENESS
[skills[3].effects[0].tag] -> WEAPON_DMG_EFFECTIVENESS
[skills[4].effects[0].tag] -> WEAPON_DMG_EFFECTIVENESS
[skills[5].effects[0].tag] -> WEAPON_DMG_EFFECTIVENESS
[skills[6].effects[0].tag] -> WEAPON_DMG_EFFECTIVENESS
[skills[7].effects[0].tag] -> WEAPON_DMG_EFFECTIVENESS
[skills[10].effects[0].tag] -> APPRAISE_GOLD_FAST
[skills[10].effects[3].value] -> %.f%%
[skills[15].shortname] -> Thauma

📂 ARCHIVO: data/skillsheet_leadership_entries.json
---------------------------------------------------------------------------
[leadership_allies_base.troll[0]] -> troll

📂 ARCHIVO: data/status_effects.json
---------------------------------------------------------------------------
[effects.EFF_INVISIBLE.name] -> Invisible
[effects.EFF_CON_BONUS.name] -> Stamina
[effects.EFF_CON_BONUS.desc] -> + Constitution\nEffect increases with lower remaining HP
[effects.EFF_PWR.name] -> Mentality
[effects.EFF_PWR.desc] -> + Spell Power\nEffect increases with lower remaining MP
[effects.EFF_AGILITY.name] -> Agility
[effects.EFF_AGILITY.desc] -> + Dexterity\n+30% Chance to evade physical and magical attacks
[effects.EFF_RALLY.name] -> Rally
[effects.EFF_RALLY.desc] -> + Rallied
[effects.EFF_MARIGOLD.name] -> Marigold Healing
[effects.EFF_MARIGOLD.desc] -> + Restoring HP over time
[effects.EFF_ENSEMBLE_FLUTE.name[0]] -> Flute (Tier I)
[effects.EFF_ENSEMBLE_FLUTE.name[1]] -> Flute (Tier II)
[effects.EFF_ENSEMBLE_FLUTE.name[2]] -> Flute (Tier III)
[effects.EFF_ENSEMBLE_FLUTE.name[3]] -> Flute (Tier IV)
[effects.EFF_ENSEMBLE_FLUTE.desc[0]] -> %+d DEX
[effects.EFF_ENSEMBLE_FLUTE.desc[1]] -> %+d%% Critical Charge Speed
[effects.EFF_ENSEMBLE_LYRE.name[0]] -> Lyre (Tier I)
[effects.EFF_ENSEMBLE_LYRE.name[1]] -> Lyre (Tier II)
[effects.EFF_ENSEMBLE_LYRE.name[2]] -> Lyre (Tier III)
[effects.EFF_ENSEMBLE_LYRE.name[3]] -> Lyre (Tier IV)
[effects.EFF_ENSEMBLE_LYRE.desc[1]] -> %+d%% Damage Resistance
[effects.EFF_ENSEMBLE_DRUM.name[0]] -> Drum (Tier I)
[effects.EFF_ENSEMBLE_DRUM.name[1]] -> Drum (Tier II)
[effects.EFF_ENSEMBLE_DRUM.name[2]] -> Drum (Tier III)
[effects.EFF_ENSEMBLE_DRUM.name[3]] -> Drum (Tier IV)
[effects.EFF_ENSEMBLE_DRUM.desc[0]] -> %+d STR
[effects.EFF_ENSEMBLE_DRUM.desc[1]] -> %+d%% chance Armor Pierce on melee attacks
[effects.EFF_ENSEMBLE_LUTE.name[0]] -> Lute (Tier I)
[effects.EFF_ENSEMBLE_LUTE.name[1]] -> Lute (Tier II)
[effects.EFF_ENSEMBLE_LUTE.name[2]] -> Lute (Tier III)
[effects.EFF_ENSEMBLE_LUTE.name[3]] -> Lute (Tier IV)
[effects.EFF_ENSEMBLE_LUTE.desc[0]] -> %+d%% PWR
[effects.EFF_ENSEMBLE_LUTE.desc[1]] -> %+d%% Evasion
[effects.EFF_ENSEMBLE_HORN.name[0]] -> Horn (Tier I)
[effects.EFF_ENSEMBLE_HORN.name[1]] -> Horn (Tier II)
[effects.EFF_ENSEMBLE_HORN.name[2]] -> Horn (Tier III)
[effects.EFF_ENSEMBLE_HORN.name[3]] -> Horn (Tier IV)
[effects.EFF_ENSEMBLE_HORN.desc[0]] -> %+d CON
[effects.EFF_ENSEMBLE_HORN.desc[1]] -> %+d Retaliation Damage to melee attackers
[effects.EFF_LIFT.name] -> Lifted
[effects.EFF_LIFT.desc] -> Prevents movement.\nTaking damage on effect\nend based on CON
[effects.EFF_GUARD_SPIRIT.name] -> Guard Spirit
[effects.EFF_GUARD_SPIRIT.desc] -> +RES\nBuilds charges while active.\nAttacks deplete charges.
[effects.EFF_GUARD_BODY.name] -> Guard Body
[effects.EFF_GUARD_BODY.desc] -> +AC\nBuilds charges while active\nAttacks deplete charges
[effects.EFF_DIVINE_GUARD.name] -> Divine Guard
[effects.EFF_DIVINE_GUARD.desc] -> +AC\n+RES\nBuilds charges while active.\nAttacks deplete charges.
[effects.EFF_NIMBLENESS.name] -> Nimbleness
[effects.EFF_NIMBLENESS.desc] -> +DEX
[effects.EFF_GREATER_MIGHT.name] -> Greater Might
[effects.EFF_GREATER_MIGHT.desc] -> +STR\n+Push
[effects.EFF_COUNSEL.name] -> Counsel
[effects.EFF_STURDINESS.name] -> Sturdiness
[effects.EFF_STURDINESS.desc] -> +CON
[effects.EFF_BLESS_FOOD.name] -> Blessed Meals
[effects.EFF_BLESS_FOOD.desc] -> Grants [Nourished]\nwhen non-spoiled food
[effects.EFF_PINPOINT.name] -> Pinpoint
[effects.EFF_PINPOINT.desc] -> Takes additional damage upon being attacked by the caster.
[effects.EFF_PENANCE.name] -> Penance
[effects.EFF_PENANCE.desc] -> Friendly to the caster.
[effects.EFF_SACRED_PATH.name] -> Trap Guard
[effects.EFF_SACRED_PATH.desc] -> Reduced damage from traps.
[effects.EFF_DETECT_ENEMY.name] -> Detect Enemy
[effects.EFF_DETECT_ENEMY.desc] -> Revealed to hostile caster.
[effects.EFF_BLOOD_WARD.name] -> Blood Ward
[effects.EFF_BLOOD_WARD.desc] -> Taking reduced damage from poisonous\ncreatures and elemental spells\nImmune to [Poison / Bleed]
[effects.EFF_TRUE_BLOOD.name] -> True Blood
[effects.EFF_TRUE_BLOOD.desc] -> Reduces sting damage.\nImmunity to:n-Slow\n-Paralyze\n-Poison\n-Bleed
[effects.EFF_DIVINE_ZEAL.name] -> Divine Zeal
[effects.EFF_DIVINE_ZEAL.desc] -> Physical attacks inflict additional Smite damage to susceptible enemies
[effects.EFF_MAXIMISE.name] -> Maximise
[effects.EFF_MAXIMISE.desc] -> +STR\n+CON\n-DEX\nIncreases XP yield
[effects.EFF_MINIMISE.name] -> Minimise
[effects.EFF_MINIMISE.desc] -> +DEX\n-STR\n-CON\nReduces XP yield
[effects.EFF_WEAKNESS.name] -> Weakness
[effects.EFF_WEAKNESS.desc] -> Melee ATK reduced
[effects.EFF_INCOHERENCE.name] -> Incoherence
[effects.EFF_INCOHERENCE.desc] -> PWR Reduced
[effects.EFF_OVERCHARGE.name] -> Overcharge
[effects.EFF_OVERCHARGE.desc] -> Applies +PWR to:\n-Magicstaffs\n-Off-Hand Spellbooks\n-Magic Foci
[effects.EFF_ENVENOM_WEAPON.name] -> Envenom Weapon
[effects.EFF_ENVENOM_WEAPON.desc] -> Weapon attacks have a chance\n to inflict additional poisoned damage
[effects.EFF_MAGIC_GREASE.name] -> Slippery
[effects.EFF_MAGIC_GREASE.desc] -> Reduced control of movement
[effects.EFF_COMMAND.name] -> Compel
[effects.EFF_COMMAND.desc] -> Forced to obey one command
[effects.EFF_CURSE_FLESH.name] -> Cursed Flesh
[effects.EFF_CURSE_FLESH.desc] -> Spawning a Revenant Skull when killed.
[effects.EFF_NUMBING_BOLT.name] -> Numb
[effects.EFF_NUMBING_BOLT.desc] -> Can't feel the next hit taken.
[effects.EFF_DELAY_PAIN.name] -> Undying
[effects.EFF_DELAY_PAIN.desc] -> Delaying damage taken
[effects.EFF_SEEK_CREATURE.name] -> Seek Other
[effects.EFF_SEEK_CREATURE.desc] -> Compelled to seek out another creature
[effects.EFF_TABOO.name] -> Scapegoat
[effects.EFF_TABOO.desc] -> Makes all creatures hostile to you
[effects.EFF_COURAGE.name] -> Courage
[effects.EFF_COURAGE.desc] -> +STR\n+CON
[effects.EFF_COWARDICE.name] -> Cowardice
[effects.EFF_COWARDICE.desc] -> -CON\n-STR
[effects.EFF_SPORES.name] -> Spores
[effects.EFF_SPORES.desc] -> Releasing clouds of spores when hit,\n-Inflicts [Poison / Slow]
[effects.EFF_ABUNDANCE.name] -> Abundance
[effects.EFF_ABUNDANCE.desc] -> Food has a chance to not deplete upon consumption
[effects.EFF_GREATER_ABUNDANCE.name] -> Greater Abundance
[effects.EFF_GREATER_ABUNDANCE.desc] -> Food and potions have a chance to not deplete upon consumption
[effects.EFF_PRESERVE.name] -> Preserve
[effects.EFF_PRESERVE.desc] -> Preventing equipment degradation at the cost of MP
[effects.EFF_MIST_FORM.name] -> Mist Form
[effects.EFF_MIST_FORM.desc] -> Evading attacks at the cost of MP.
[effects.EFF_FORCE_SHIELD.name] -> Kinetic Shield
[effects.EFF_FORCE_SHIELD.desc] -> Adds AC to Off-Hand items
[effects.EFF_LIGHTEN_LOAD.name] -> Lighten Load
[effects.EFF_LIGHTEN_LOAD.desc] -> Reduced the SPD penalty of inventory WGT
[effects.EFF_ATTRACT_ITEMS.name] -> Attract
[effects.EFF_ATTRACT_ITEMS.desc] -> Levitates and draws in nearby items.
[effects.EFF_RETURN_ITEM.name] -> Return
[effects.EFF_RETURN_ITEM.desc] -> Thrown weapons return from the floor at the cost of MP.
[effects.EFF_DEMESNE_DOOR.name] -> Demesne Door
[effects.EFF_DEMESNE_DOOR.desc] -> +AC\n+ATK\n+PWR
[effects.EFF_REFLECTOR_SHIELD.name] -> Reflector
[effects.EFF_REFLECTOR_SHIELD.desc] -> Off-Hand items reflect magic projectiles while defending.
[effects.EFF_DIZZY.name] -> Dizzy
[effects.EFF_DIZZY.desc] -> Spinning uncontrollably
[effects.EFF_SPIN.name] -> Spin
[effects.EFF_SPIN.desc] -> Forcing you to turn the opposite direction.
[effects.EFF_CRITICAL_SPELL.name] -> Critical Spell
[effects.EFF_CRITICAL_SPELL.desc] -> Next spell cast remains prepared with reduced MP cost
[effects.EFF_MAGIC_WELL.name] -> Magic Well
[effects.EFF_MAGIC_WELL.desc] -> Increases PWR for each MP spent during the effect duration.
[effects.EFF_STATIC.name] -> Static
[effects.EFF_STATIC.desc] -> Taking increased damage from lightning elemental spells
[effects.EFF_ABSORB_MAGIC.name] -> Absorb Magic
[effects.EFF_ABSORB_MAGIC.desc] -> Negates incoming magic projectiles\nEach negated spell increases PWR of the next spell cast
[effects.EFF_FLAME_CLOAK.name] -> Flame Cloak
[effects.EFF_FLAME_CLOAK.desc] -> Nullifies [Burning] Damage\nCatches fire near flame sources\nIgnites enemies on contact
[effects.EFF_DUSTED.name] -> Dusted
[effects.EFF_DUSTED.desc] -> More visible to enemies\n- Perception
[effects.EFF_RATION_SPICY.name] -> Ration (Spicy)
[effects.EFF_RATION_SPICY.desc] -> +4 Strength\n+4 Dexterity
[effects.EFF_RATION_SOUR.name] -> Ration (Sour)
[effects.EFF_RATION_SOUR.desc] -> +4 Intelligence\n+25% Spell Power
[effects.EFF_RATION_BITTER.name] -> Ration (Bitter)
[effects.EFF_RATION_BITTER.desc] -> +4 Constitution\n+4 Perception
[effects.EFF_RATION_HEARTY.name] -> Ration (Hearty)
[effects.EFF_RATION_HEARTY.desc] -> +4 Strength\n+4 Constitution
[effects.EFF_RATION_HERBAL.name] -> Ration (Herbal)
[effects.EFF_RATION_HERBAL.desc] -> +4 Charisma\n+20% Magic Resistance
[effects.EFF_RATION_SWEET.name] -> Ration (Sweet)
[effects.EFF_RATION_SWEET.desc] -> +1 [HP Regen]\n+1 [MP Regen]
[effects.EFF_GROWTH.name[0]] -> Growth (Tier I)
[effects.EFF_GROWTH.name[1]] -> Growth (Tier II)
[effects.EFF_GROWTH.name[2]] -> Growth (Tier III)
[effects.EFF_GROWTH.desc[0]] -> Growth blooms on gaining LVLs and chance % when eating rotten food
[effects.EFF_GROWTH.desc[1]] -> Growth blooms on gaining LVLs and chance % when drinking water
[effects.EFF_GROWTH.desc[2]] -> Spores effect speed improved
[effects.EFF_GROWTH.desc[3]] -> Spores also triggers on receiving magic damage and ranged attacks
[effects.EFF_GROWTH.desc[4]] -> %+d AC / Poison DMG
[effects.EFF_GROWTH.desc[5]] -> %+d%% Physical Resistance
[effects.EFF_GROWTH.desc[6]] -> %+d%% PWR
[effects.EFF_GROWTH.desc[7]] -> %+d%% MP RGN
[effects.EFF_GROWTH.desc[8]] -> %+d%% Movement Speed
[effects.EFF_GROWTH.desc[9]] -> %+d%% Inflicted Poison speed
[effects.EFF_GROWTH.desc[10]] -> %+d%% Germinate Damage
[effects.EFF_GROWTH.desc[11]] -> %+d%% Fire Damage taken
[effects.EFF_THORNS.name] -> Thorns
[effects.EFF_THORNS.desc] -> Retaliates against melee attackers
[effects.EFF_BLADEVINES.name] -> Bladevines
[effects.EFF_BASTION_MUSHROOM.name] -> Bastion Mycelium
[effects.EFF_BASTION_ROOTS.name] -> Bastion Roots
[effects.EFF_BASTION_ROOTS.desc[0]] -> Slowed
[effects.EFF_BASTION_ROOTS.desc[1]] -> Roots inherit Thorns and Bladevines
[effects.EFF_BASTION_ROOTS.desc[2]] -> PWR increase +10 per growth
[effects.EFF_FOCI_LIGHT_PEACE.name] -> Peace
[effects.EFF_FOCI_LIGHT_PEACE.desc] -> HP restoring over time
[effects.EFF_FOCI_LIGHT_JUSTICE.name] -> Justice
[effects.EFF_FOCI_LIGHT_JUSTICE.desc] -> Physical attacks deal additional Smite damage.
[effects.EFF_FOCI_LIGHT_PROVIDENCE.name] -> Providence
[effects.EFF_FOCI_LIGHT_PROVIDENCE.desc] -> Slows hunger
[effects.EFF_FOCI_LIGHT_PURITY.name] -> Purity
[effects.EFF_FOCI_LIGHT_PURITY.desc] -> Protects against harmful status effects.
[effects.EFF_FOCI_LIGHT_SANCTUARY.name] -> Sanctuary
[effects.EFF_FOCI_LIGHT_SANCTUARY.desc] -> Improves AC
[effects.EFF_STASIS.name] -> Void Stasis
[effects.EFF_STASIS.desc] -> Unable to move or act\nCannot be damaged
[effects.EFF_HP_MP_REGEN.name] -> Nourished
[effects.EFF_HP_MP_REGEN.desc] -> Restoring HP/MP every 5s from eating blessed food\nEffect is lost on indigestion
[effects.EFF_DISRUPTED.name] -> Disrupted
[effects.EFF_DISRUPTED.desc] -> Reduced movement and AC
[effects.EFF_FROST.name] -> Frostbitten
[effects.EFF_FROST.desc] -> Reduced movement
[effects.EFF_MAGICIANS_ARMOR.name] -> Magicians' Bubble
[effects.EFF_MAGICIANS_ARMOR.desc] -> Intercepts all damage from enemies while charges remain.
[effects.EFF_PROJECT_SPIRIT.name] -> Fowl Spirit
[effects.EFF_PROJECT_SPIRIT.desc] -> Inhabiting the the form of a ghostly duck
[effects.EFF_DEFY_FLESH.name] -> Defy Flesh
[effects.EFF_DEFY_FLESH.desc] -> Taking additional magic damage when hit
[effects.EFF_PINPOINT_DAMAGE.name] -> Pinpoint
[effects.EFF_PINPOINT_DAMAGE.desc] -> Taking extra Smite damage when attacked by the caster.
[effects.EFF_RADIANT_HEART.name[0]] -> Radiant Heart
[effects.EFF_RADIANT_HEART.name[1]] -> Radiant Heart
[effects.EFF_RADIANT_HEART.name[2]] -> Stone Heart
[effects.EFF_RADIANT_HEART.name[3]] -> Stone Heart
[effects.EFF_RADIANT_HEART.desc[0]] -> Dissipates below 60% Fervor (FR)\nLevitation\n+PWR/-CON from CHR\n+25% Fire Resistance\nFR depleting over time
[effects.EFF_RADIANT_HEART.desc[1]] -> Dissipates below 60% Fervor (FR)\n0 MP Spells\nBreathe Fire increased effects\nLevitation\n+PWR/-CON from CHR\n+25% Fire Resistance\nFR depleting over time
[effects.EFF_RADIANT_HEART.desc[2]] -> Dissipates above 40% Fervor (FR)\n+STR/CON from CHR\n-DEX from CHR
[effects.EFF_RADIANT_HEART.desc[3]] -> Dissipates above 40% Fervor (FR)\nImmune to Damage\n+STR/CON from CHR\n-DEX from CHR
[effects.EFF_DIVINE_FIRE.name] -> Holy Fire
[effects.EFF_DIVINE_FIRE.desc] -> Damage taken is increased
[effects.EFF_HEALING_WORD.name] -> Healing Word
[effects.EFF_HEALING_WORD.desc] -> Praying for healing\nEffect is lost on taking damage
[effects.EFF_HOLY_FIRE.name] -> Holy Fire
[effects.EFF_HOLY_FIRE.desc] -> Burning from a supernatural fire source
[effects.EFF_SIGIL.name] -> Sigil
[effects.EFF_SIGIL.desc] -> Receiving additional healing\nFoes take additional Smite damage
[effects.EFF_SANCTUARY.name] -> Sanctuary
[effects.EFF_SANCTUARY.desc] -> Damage Resistance increased per tier

📂 ARCHIVO: items/item_tooltips.json
---------------------------------------------------------------------------
[adjectives.jewel_levels.1] -> [The Mines] and\nearlier depths 
[adjectives.jewel_levels.2] -> [The Swamp] and\nearlier depths 
[adjectives.jewel_levels.3] -> [Sand Labyrinth] and\nearlier depths 
[adjectives.jewel_levels.4] -> all dungeon depths\n
[adjectives.proficiency_types.magic] -> Magic
[adjectives.equipment_slot_types.breastpiece] -> Torso
[adjectives.stat_short_name.CON] -> CON
[adjectives.spell_strings.effect] -> effect
[adjectives.spell_strings.spell_type_touch_floor] -> Ground Target
[adjectives.spell_strings.spell_type_touch_wall] -> Wall Target
[adjectives.spell_strings.spell_type_touch_enemy] -> Touch Target
[adjectives.spell_strings.spell_type_touch_ally] -> Touch Target
[adjectives.spell_strings.spell_type_touch_entity] -> Object Target
[adjectives.spell_strings.spell_type_divine_target] -> Divine Target
[adjectives.equipment_effects_icon_text.EFF_PWR_SORCERY] -> Spell Power casting\n[Sorcery] spells\n
[adjectives.equipment_effects_icon_text.EFF_PWR_MYSTICISM] -> Spell Power casting\n[Mysticism] spells\n
[adjectives.equipment_effects_icon_text.EFF_PWR_THAUMATURGY] -> Spell Power casting\n[Thaumaturgy] spells\n
[adjectives.duck_default.unknown] -> Unknown
[adjectives.duck_titles.0] -> Noodles
[adjectives.duck_titles.1] -> Quackers
[adjectives.duck_titles.2] -> Billy
[adjectives.duck_titles.3] -> Verdana
[adjectives.duck_titles.4] -> Quillard
[adjectives.duck_titles.5] -> Wingnut
[adjectives.duck_titles.6] -> Charlotte
[adjectives.duck_titles.7] -> Flip
[adjectives.duck_titles.8] -> Jack
[adjectives.duck_titles.9] -> Ducklas
[adjectives.duck_titles.10] -> Quackson
[adjectives.duck_titles.11] -> Buzz
[adjectives.duck_titles.12] -> Plops
[adjectives.duck_titles.13] -> Llardo
[adjectives.duck_titles.14] -> Mal
[adjectives.duck_titles.15] -> Bobby
[adjectives.duck_titles.16] -> Guin
[adjectives.duck_titles.17] -> Byrd
[adjectives.duck_titles.18] -> Al
[adjectives.duck_titles.19] -> Echolas
[adjectives.duck_titles.20] -> Peking
[adjectives.duck_titles.21] -> Swimbledon
[adjectives.duck_titles.22] -> Moby
[adjectives.duck_titles.23] -> Rolly
[adjectives.duck_titles.24] -> Drake
[adjectives.duck_titles.25] -> Grapes
[adjectives.duck_titles.26] -> Gordon
[adjectives.duck_titles.27] -> Pato
[adjectives.duck_titles.28] -> Canardo
[adjectives.duck_titles.29] -> Anatra
[adjectives.duck_titles.30] -> Anka
[adjectives.duck_titles.31] -> Waddles
[adjectives.duck_titles.32] -> Wade
[adjectives.duck_titles.33] -> Hennifer
[adjectives.duck_titles.34] -> Norris
[adjectives.duck_titles.35] -> Chan
[adjectives.duck_titles.36] -> Paddy
[adjectives.duck_titles.37] -> Daphne
[adjectives.duck_titles.38] -> Croucho
[adjectives.duck_titles.39] -> Doodle
[adjectives.duck_titles.40] -> Tape
[adjectives.duck_titles.41] -> Muri
[templates.template_foci_mage_beatitude_pwr[0]] -> %+d%% spell damage from %s
[templates.template_weapon_skill_modifier_range[0]] -> * (%d%% - %d%%) ATK variance from
[templates.template_weapon_skill_modifier_range[1]] -> %s skill
[templates.template_player_atk_stat_scepter[0]] -> %+d%% ATK from 50%% STR stat
[templates.template_armor_resist_icon[0]] -> resistance:\n[%s] damage\n
[templates.template_equipment_effect_poisonresist[2]] -> +60% [Magic Resist] against\nPoison / Acid spells
[templates.template_equipment_effect_burningresist[0]] -> * Cures [Burning] status effect
[templates.template_equipment_effect_burningresist[1]] -> * 12.5% chance to degrade on curing
[templates.template_spellbook_icon_pwr_bonus[0]] -> Spellbook-Cast effect:
[templates.template_spellbook_icon_pwr_bonus[1]] -> %+d%% Effect Power
[templates.template_icon_spell_lightning[1]] -> Inflicts +1 [Static]
[templates.template_icon_spell_dominate[2]] -> Dominated ally limit: %d
[templates.template_icon_spell_weakness[1]] -> %-d%% [Attack Power]
[templates.template_desc_spell_weakness[1]] -> cast the [Projectile].
[templates.template_icon_spell_scepter_blast[0]] -> %+d Magic Damage\n[Phases] through creatures
[templates.template_icon_spell_meteor[0]] -> %+d Magic Damage
[templates.template_icon_spell_meteor[1]] -> Falls from above
[templates.template_icon_spell_meteor[2]] -> Inflicts [Burning]
[templates.template_desc_spell_meteor[0]] -> Press [Cast] while equipped to
[templates.template_desc_spell_meteor[1]] -> invoke the [Ground Target] effect.
[templates.template_icon_spell_ice_wave[0]] -> %+d Magic Damage
[templates.template_icon_spell_ice_wave[1]] -> Spreads [Ice Spines]
[templates.template_icon_spell_ice_wave[2]] -> Inflicts [Slow]
[templates.template_desc_spell_ice_wave[0]] -> Spines remain as a hazard for a time.
[templates.template_desc_spell_ice_wave[1]] -> Press [Cast] while equipped to invoke
[templates.template_desc_spell_ice_wave[2]] -> the [Ground Target] effect.
[templates.template_icon_spell_guard_body[0]] -> Increases [AC] for
[templates.template_icon_spell_guard_body[1]] -> each [Charge] point
[templates.template_desc_spell_guard_body[0]] -> Consumes charges on being
[templates.template_desc_spell_guard_body[1]] -> hit by physical attacks.
[templates.template_desc_spell_guard_body[2]] -> Press [Cast] while equipped to
[templates.template_desc_spell_guard_body[3]] -> toggle the [Sustained] effect.
[templates.template_icon_spell_guard_spirit[0]] -> Increases [RES] for
[templates.template_icon_spell_guard_spirit[1]] -> each [Charge] point
[templates.template_desc_spell_guard_spirit[0]] -> Consumes charges on being
[templates.template_desc_spell_guard_spirit[1]] -> hit by magical attacks.
[templates.template_desc_spell_guard_spirit[2]] -> Press [Cast] while equipped to
[templates.template_desc_spell_guard_spirit[3]] -> toggle the [Sustained] effect.
[templates.template_icon_spell_divine_guard[0]] -> Increases [AC / RES]
[templates.template_icon_spell_divine_guard[1]] -> for each [Charge] point
[templates.template_desc_spell_divine_guard[0]] -> Consumes charges on being
[templates.template_desc_spell_divine_guard[1]] -> hit by any attack.
[templates.template_desc_spell_divine_guard[2]] -> Press [Cast] while equipped to
[templates.template_desc_spell_divine_guard[3]] -> toggle the [Sustained] effect.
[templates.template_icon_spell_prof_nimbleness[0]] -> Grants +DEX / +Skill
[templates.template_icon_spell_prof_nimbleness[1]] -> to [Tinkering], [Ranged],
[templates.template_icon_spell_prof_nimbleness[2]] -> [Swords], [Stealth]
[templates.template_desc_spell_prof_nimbleness[0]] -> Press [Cast] while equipped to
[templates.template_desc_spell_prof_nimbleness[1]] -> apply the Tiered effect.
[templates.template_icon_spell_prof_counsel[0]] -> Grants +INT / +Skill +PWR
[templates.template_icon_spell_prof_counsel[1]] -> to [Sorcery], [Mysticism]
[templates.template_desc_spell_prof_counsel[0]] -> Press [Cast] while equipped to
[templates.template_desc_spell_prof_counsel[1]] -> apply the Tiered effect.
[templates.template_icon_spell_prof_greater_might[0]] -> Grants [Push]
[templates.template_icon_spell_prof_greater_might[1]] -> +STR / +Skill to [Maces],
[templates.template_icon_spell_prof_greater_might[2]] -> [Axes], [Polearm]
[templates.template_desc_spell_prof_greater_might[0]] -> Press [Cast] while equipped to
[templates.template_desc_spell_prof_greater_might[1]] -> apply the Tiered effect.
[templates.template_icon_spell_prof_sturdiness[0]] -> Grants [+Max HP]
[templates.template_icon_spell_prof_sturdiness[1]] -> +CON / +Skill to [Blocking]
[templates.template_desc_spell_prof_sturdiness[0]] -> Press [Cast] while equipped to
[templates.template_desc_spell_prof_sturdiness[1]] -> apply the Tiered effect.
[templates.template_icon_spell_bless_food[0]] -> Grants [Blessed Meals] to
[templates.template_icon_spell_bless_food[1]] -> caster and nearby allies
[templates.template_desc_spell_bless_food[0]] -> Effect duration increases per
[templates.template_desc_spell_bless_food[1]] -> piece of food consumed.
[templates.template_desc_spell_bless_food[2]] -> Press [Cast] while equipped to
[templates.template_desc_spell_bless_food[3]] -> invoke the [Area] effect.
[templates.template_icon_spell_pinpoint[0]] -> Marks an enemy for [Wrath]
[templates.template_icon_spell_pinpoint[1]] -> on the current dungeon floor
[templates.template_desc_spell_pinpoint[0]] -> Smite damage increases based on
[templates.template_desc_spell_pinpoint[1]] -> damage dealt to trigger.
[templates.template_desc_spell_pinpoint[2]] -> Press [Cast] while equipped to divine
[templates.template_desc_spell_pinpoint[3]] -> the target location.
[templates.template_icon_spell_donation[0]] -> Reveals a breakable on the
[templates.template_icon_spell_donation[1]] -> current dungeon floor
[templates.template_icon_spell_donation[2]] -> yielding divine rewards
[templates.template_desc_spell_donation[0]] -> Rewards increase with power.
[templates.template_desc_spell_donation[1]] -> Press [Cast] while equipped to
[templates.template_desc_spell_donation[2]] -> divine the target location.
[templates.template_icon_spell_scry_allies[0]] -> Reveals friendlies on the
[templates.template_icon_spell_scry_allies[1]] -> current dungeon floor
[templates.template_desc_spell_scry_allies[0]] -> Press [Cast] while equipped to
[templates.template_desc_spell_scry_allies[1]] -> gain visions of friendlies.
[templates.template_icon_spell_scry_traps[0]] -> Reveals traps on the
[templates.template_icon_spell_scry_traps[1]] -> current dungeon floor
[templates.template_desc_spell_scry_traps[0]] -> Press [Cast] while equipped to
[templates.template_desc_spell_scry_traps[1]] -> gain visions of nearby traps.
[templates.template_icon_spell_scry_treasures[0]] -> Grants [Treasure Sight]
[templates.template_desc_spell_scry_treasures[0]] -> Press [Cast] while equipped to
[templates.template_desc_spell_scry_treasures[1]] -> gain visions of nearby chests
[templates.template_desc_spell_scry_treasures[2]] -> keys, and gold.
[templates.template_icon_spell_detect_enemy[0]] -> Divines the location of
[templates.template_icon_spell_detect_enemy[1]] -> a nearby enemy
[templates.template_desc_spell_detect_enemy[0]] -> Press [Cast] while equipped
[templates.template_desc_spell_detect_enemy[1]] -> to gain visions of an enemy.
[templates.template_icon_spell_turn_undead[0]] -> Inflicts [Turning] to
[templates.template_icon_spell_turn_undead[1]] -> Unholy enemies
[templates.template_desc_spell_turn_undead[0]] -> Effects of Turning vary based
[templates.template_desc_spell_turn_undead[1]] -> on power and enemy type.
[templates.template_desc_spell_turn_undead[2]] -> Press [Cast] while equipped to
[templates.template_desc_spell_turn_undead[3]] -> invoke the [Ground Target] effect.
[templates.template_icon_spell_heal_other[0]] -> +%d [HP Restore] over time
[templates.template_desc_spell_heal_other[0]] -> Effect ends if caster receives damage.
[templates.template_desc_spell_heal_other[1]] -> Press [Cast] while equipped to invoke
[templates.template_desc_spell_heal_other[2]] -> the [Touch Target] effect.
[templates.template_icon_spell_blood_ward[0]] -> Grants [Immunity] to
[templates.template_icon_spell_blood_ward[1]] -> [Bleed] and [Poison]
[templates.template_icon_spell_blood_ward[2]] -> while sustained
[templates.template_desc_spell_blood_ward[0]] -> Press [Cast] while equipped to
[templates.template_desc_spell_blood_ward[1]] -> toggle the [Sustained] effect.
[templates.template_icon_spell_divine_zeal[0]] -> %+d%% Melee Damage
[templates.template_icon_spell_divine_zeal[1]] -> to [Smite] weak enemies
[templates.template_desc_spell_divine_zeal[0]] -> Press [Cast] while equipped to
[templates.template_desc_spell_divine_zeal[1]] -> toggle the [Sustained] effect.
[templates.template_icon_spell_alter_instrument[0]] -> [Transmutes] a musical
[templates.template_icon_spell_alter_instrument[1]] -> instrument into another
[templates.template_desc_spell_alter_instrument[0]] -> Gold cost reduces with power.
[templates.template_desc_spell_alter_instrument[1]] -> Press [Cast] while equipped to
[templates.template_desc_spell_alter_instrument[2]] -> select an item to transmute.
[templates.template_icon_spell_maximise[0]] -> Inflicts %+d [Enhance]
[templates.template_icon_spell_maximise[1]] -> +STR/+CON/-DEX
[templates.template_desc_spell_maximise[0]] -> Effects increase from repeated
[templates.template_desc_spell_maximise[1]] -> casts, up to +5 [Enhance].
[templates.template_desc_spell_maximise[2]] -> Press [Cast] while equipped to
[templates.template_desc_spell_maximise[3]] -> invoke the [Touch Target] effect.
[templates.template_icon_spell_minimise[0]] -> Inflicts %+d [Diminish]
[templates.template_icon_spell_minimise[1]] -> -STR/-CON/+DEX
[templates.template_desc_spell_minimise[0]] -> Effects increase from repeated
[templates.template_desc_spell_minimise[1]] -> casts, up to +5 [Diminish].
[templates.template_desc_spell_minimise[2]] -> Press [Cast] while equipped to
[templates.template_desc_spell_minimise[3]] -> invoke the [Touch Target] effect.
[templates.template_icon_spell_jump[0]] -> [Teleport] to the
[templates.template_icon_spell_jump[1]] -> target location
[templates.template_desc_spell_jump[0]] -> Press [Cast] while equipped to
[templates.template_desc_spell_jump[1]] -> invoke the [Ground Target] effect.
[templates.template_icon_spell_incoherence[0]] -> Inflicts [Incoherence]
[templates.template_icon_spell_incoherence[1]] -> %-d%% [Spell Power]
[templates.template_desc_spell_incoherence[0]] -> Press [Cast] while equipped to
[templates.template_desc_spell_incoherence[1]] -> cast the [Projectile].
[templates.template_icon_spell_overcharge[0]] -> Grants %+d [Overcharge]
[templates.template_icon_spell_overcharge[1]] -> for next memorized spell
[templates.template_desc_spell_overcharge[0]] -> Press [Cast] while equipped to
[templates.template_desc_spell_overcharge[1]] -> improve the next spell cast.
[templates.template_icon_spell_envenom_weapon[0]] -> Grants Physical Damage: (50%%)
[templates.template_icon_spell_envenom_weapon[1]] -> %+d Damage
[templates.template_icon_spell_envenom_weapon[2]] -> Inflict [Poison]
[templates.template_desc_spell_envenom_weapon[0]] -> Press [Cast] while equipped to
[templates.template_desc_spell_envenom_weapon[1]] -> toggle the [Sustained] effect.
[templates.template_icon_spell_psychic_spear[0]] -> %+d Magic Damage
[templates.template_desc_spell_psychic_spear[0]] -> Targets above 50% of their maximum HP
[templates.template_desc_spell_psychic_spear[1]] -> take additional damage. Press [Cast]
[templates.template_desc_spell_psychic_spear[2]] -> while equipped to cast the [Projectile].
[templates.template_icon_spell_defy_flesh[0]] -> Inflicts [Torment]
[templates.template_icon_spell_defy_flesh[1]] -> Deals %+d Magic Damage
[templates.template_icon_spell_defy_flesh[2]] -> as target is hit
[templates.template_desc_spell_defy_flesh[0]] -> Higher target HP increases
[templates.template_desc_spell_defy_flesh[1]] -> quantity of damage instances.
[templates.template_desc_spell_defy_flesh[2]] -> Press [Cast] while equipped to
[templates.template_desc_spell_defy_flesh[3]] -> cast the [Projectile].
[templates.template_icon_spell_grease_spray[0]] -> Inflicts [Greasy] on hit
[templates.template_icon_spell_grease_spray[1]] -> Covers ground in [Slippery]
[templates.template_icon_spell_grease_spray[2]] -> and [Flammable] grease
[templates.template_desc_spell_grease_spray[0]] -> Press [Cast] while equipped to cast
[templates.template_desc_spell_grease_spray[1]] -> the [Projectile].
[templates.template_icon_spell_blood_waves[0]] -> %+d Magic Damage
[templates.template_desc_spell_blood_waves[0]] -> Passes through creatures.
[templates.template_desc_spell_blood_waves[1]] -> Press [Cast] while equipped to cast
[templates.template_desc_spell_blood_waves[2]] -> the [Projectile].
[templates.template_icon_spell_booby_trap[0]] -> %+d Magic Damage
[templates.template_icon_spell_booby_trap[1]] -> Inflicts [Burning]
[templates.template_desc_spell_booby_trap[0]] -> Targets a breakable to detonate
[templates.template_desc_spell_booby_trap[1]] -> and deal damage in an area.
[templates.template_desc_spell_booby_trap[2]] -> Press [Cast] while equipped to
[templates.template_desc_spell_booby_trap[3]] -> invoke the [Touch Target] effect.
[templates.template_icon_spell_command[0]] -> [Compels] non-followers
[templates.template_icon_spell_command[1]] -> to obey one [Command]
[templates.template_desc_spell_command[0]] -> Press [Cast] while equipped to
[templates.template_desc_spell_command[1]] -> invoke the [Touch Target] effect.
[templates.template_icon_spell_metallurgy[0]] -> [Transmutes] metal
[templates.template_icon_spell_metallurgy[1]] -> items into gold
[templates.template_desc_spell_metallurgy[0]] -> Gold gained increases with power.
[templates.template_desc_spell_metallurgy[1]] -> Press [Cast] while equipped to
[templates.template_desc_spell_metallurgy[2]] -> select an item to transmute.
[templates.template_icon_spell_geomancy[0]] -> [Transmutes] gems into
[templates.template_icon_spell_geomancy[1]] -> gold
[templates.template_desc_spell_geomancy[0]] -> Gold gained increases with power.
[templates.template_desc_spell_geomancy[1]] -> Press [Cast] while equipped to
[templates.template_desc_spell_geomancy[2]] -> select an item to transmute.
[templates.template_icon_spell_forge_key[0]] -> [Transmutes] gems or keys
[templates.template_icon_spell_forge_key[1]] -> into various keys
[templates.template_desc_spell_forge_key[0]] -> Gold cost reduces with power and
[templates.template_desc_spell_forge_key[1]] -> value of item transmuted.
[templates.template_desc_spell_forge_key[2]] -> Press [Cast] while equipped to select
[templates.template_desc_spell_forge_key[3]] -> an item to transmute.
[templates.template_icon_spell_forge_jewel[0]] -> [Transmutes] gems into
[templates.template_icon_spell_forge_jewel[1]] -> Jewels
[templates.template_desc_spell_forge_jewel[0]] -> Gold cost reduces with power and
[templates.template_desc_spell_forge_jewel[1]] -> value of item transmuted.
[templates.template_desc_spell_forge_jewel[2]] -> Press [Cast] while equipped to select
[templates.template_desc_spell_forge_jewel[3]] -> an item to transmute.
[templates.template_icon_spell_enhance_weapon[0]] -> [Transmutes] basic weapons
[templates.template_icon_spell_enhance_weapon[1]] -> into higher quality variants
[templates.template_desc_spell_enhance_weapon[0]] -> Gold cost reduces with power.
[templates.template_desc_spell_enhance_weapon[1]] -> Press [Cast] while equipped to select
[templates.template_desc_spell_enhance_weapon[2]] -> an item to transmute.
[templates.template_icon_spell_reshape_weapon[0]] -> [Transmutes] basic weapons
[templates.template_icon_spell_reshape_weapon[1]] -> into different types
[templates.template_desc_spell_reshape_weapon[0]] -> Gold cost reduces with power.
[templates.template_desc_spell_reshape_weapon[1]] -> Press [Cast] while equipped to select
[templates.template_desc_spell_reshape_weapon[2]] -> an item to transmute.
[templates.template_icon_spell_alter_arrow[0]] -> [Transmutes] quivers and
[templates.template_icon_spell_alter_arrow[1]] -> gems into various quivers
[templates.template_desc_spell_alter_arrow[0]] -> Gold cost reduces with power.
[templates.template_desc_spell_alter_arrow[1]] -> Press [Cast] while equipped to
[templates.template_desc_spell_alter_arrow[2]] -> select an item to transmute.
[templates.template_icon_spell_void_chest[0]] -> Grants [Void Storage]
[templates.template_icon_spell_void_chest[1]] -> access within chests
[templates.template_desc_spell_void_chest[0]] -> Items within Void Storage persist
[templates.template_desc_spell_void_chest[1]] -> throughout the dungeon.
[templates.template_desc_spell_void_chest[2]] -> Press [Cast] while equipped to
[templates.template_desc_spell_void_chest[3]] -> invoke the [Touch Target] effect.
[templates.template_icon_spell_puncture_void[0]] -> Sends an item into
[templates.template_icon_spell_puncture_void[1]] -> [Void Storage]
[templates.template_desc_spell_puncture_void[0]] -> Press [Cast] while equipped to
[templates.template_desc_spell_puncture_void[1]] -> select an item to stow.
[templates.template_icon_spell_lead_bolt[0]] -> %+d Damage
[templates.template_icon_spell_lead_bolt[1]] -> Inflicts [Knockback]
[templates.template_desc_spell_lead_bolt[0]] -> Gold cost reduces with power.
[templates.template_desc_spell_lead_bolt[1]] -> Press [Cast] while equipped to cast
[templates.template_desc_spell_lead_bolt[2]] -> the [Projectile].
[templates.template_icon_spell_mercury_bolt[0]] -> %+d Damage
[templates.template_icon_spell_mercury_bolt[1]] -> Inflicts [Poison] [Slow]
[templates.template_icon_spell_mercury_bolt[2]] -> [Knockback]
[templates.template_desc_spell_mercury_bolt[0]] -> Gold cost reduces with power.
[templates.template_desc_spell_mercury_bolt[1]] -> Press [Cast] while equipped to cast
[templates.template_desc_spell_mercury_bolt[2]] -> the [Projectile].
[templates.template_icon_spell_numbing_bolt[0]] -> Inflicts [Numb]
[templates.template_icon_spell_numbing_bolt[1]] -> Prevents target from
[templates.template_icon_spell_numbing_bolt[2]] -> being alerted on next hit
[templates.template_desc_spell_numbing_bolt[0]] -> Press [Cast] while equipped to cast
[templates.template_desc_spell_numbing_bolt[1]] -> the [Projectile].
[templates.template_icon_spell_delay_pain[0]] -> Grants [Undying] to caster
[templates.template_icon_spell_delay_pain[1]] -> and nearby allies
[templates.template_desc_spell_delay_pain[0]] -> Accumulated damage is taken when
[templates.template_desc_spell_delay_pain[1]] -> effect expires. Press [Cast] while
[templates.template_desc_spell_delay_pain[2]] -> equipped to invoke the [Area] effect.
[templates.template_icon_spell_curse_flesh[0]] -> Inflicts [Lesser Haunting]
[templates.template_icon_spell_curse_flesh[1]] -> spawns a [Revenant Skull]
[templates.template_icon_spell_curse_flesh[2]] -> follower when target dies
[templates.template_desc_spell_curse_flesh[0]] -> Press [Cast] while equipped to invoke
[templates.template_desc_spell_curse_flesh[1]] -> the [Touch Target] effect.
[templates.template_icon_spell_revenant_curse[0]] -> Inflicts [Greater Haunting]
[templates.template_icon_spell_revenant_curse[1]] -> spawns a [Revenant Skeleton]
[templates.template_icon_spell_revenant_curse[2]] -> follower when target dies
[templates.template_desc_spell_revenant_curse[0]] -> Press [Cast] while equipped to invoke
[templates.template_desc_spell_revenant_curse[1]] -> the [Touch Target] effect.
[templates.template_icon_spell_cowardice[0]] -> Inflicts %+d [Cowardice]
[templates.template_icon_spell_cowardice[1]] -> Forces [Retreat] in combat
[templates.template_icon_spell_cowardice[2]] -> -STR/-CON
[templates.template_desc_spell_cowardice[0]] -> Press [Cast] while equipped to invoke
[templates.template_desc_spell_cowardice[1]] -> the [Touch Target] effect.
[templates.template_desc_spell_courage[0]] -> Press [Cast] while equipped to invoke
[templates.template_desc_spell_courage[1]] -> the [Touch Target] effect.
[templates.template_icon_spell_seek_ally[0]] -> [Commands] target
[templates.template_icon_spell_seek_ally[1]] -> to seek out an ally on the
[templates.template_icon_spell_seek_ally[2]] -> current dungeon floor
[templates.template_desc_spell_seek_ally[0]] -> Press [Cast] while equipped to invoke
[templates.template_desc_spell_seek_ally[1]] -> the [Touch Target] effect.
[templates.template_icon_spell_deep_shade[0]] -> Summons a [Deep Shade]
[templates.template_icon_spell_deep_shade[1]] -> to follow the caster
[templates.template_desc_spell_deep_shade[0]] -> Reduces visibility to enemies.
[templates.template_desc_spell_deep_shade[1]] -> Press [Cast] while equipped to
[templates.template_desc_spell_deep_shade[2]] -> toggle the [Sustained] effect.
[templates.template_icon_spell_spirit_weapon[0]] -> Summons a [Spirit Weapon]
[templates.template_icon_spell_spirit_weapon[1]] -> to fight nearby for a time
[templates.template_icon_spell_spirit_weapon[2]] -> with %+d STR
[templates.template_desc_spell_spirit_weapon[0]] -> Press [Cast] while equipped to
[templates.template_desc_spell_spirit_weapon[1]] -> invoke the [Ground Target] effect.
[templates.template_icon_spell_adorcism[0]] -> [Adorcise] a chosen weapon
[templates.template_icon_spell_adorcism[1]] -> to fight nearby for a time
[templates.template_icon_spell_adorcism[2]] -> with %+d STR
[templates.template_desc_spell_adorcism[0]] -> Press [Cast] while equipped to
[templates.template_desc_spell_adorcism[1]] -> select a weapon in your inventory.
[templates.template_icon_spell_spores[0]] -> Grants [Spores]
[templates.template_icon_spell_spores[1]] -> Leaves behind [Slow/Poison]
[templates.template_icon_spell_spores[2]] -> hazardous areas when hit
[templates.template_desc_spell_spores[0]] -> Press [Cast] while equipped to toggle
[templates.template_desc_spell_spores[1]] -> the [Sustained] effect.
[templates.template_icon_spell_windgate[0]] -> Conjures a [Windgate]
[templates.template_icon_spell_windgate[1]] -> %+d damage to passing
[templates.template_icon_spell_windgate[2]] -> [Ranged/Magic] projectiles
[templates.template_desc_spell_windgate[0]] -> Creates gusts that push creatures and
[templates.template_desc_spell_windgate[1]] -> projectiles. Press [Cast] while equipped
[templates.template_desc_spell_windgate[2]] -> to invoke the [Wall Target] effect.
[templates.template_icon_spell_telekinesis[0]] -> [Interact] with objects
[templates.template_icon_spell_telekinesis[1]] -> at a distance
[templates.template_icon_spell_telekinesis[2]] -> Pulls [Boulders]
[templates.template_desc_spell_telekinesis[0]] -> Press [Cast] while equipped to
[templates.template_desc_spell_telekinesis[1]] -> invoke the [Touch Target] effect.
[templates.template_icon_spell_disarm[0]] -> Inflicts [Disarm]
[templates.template_desc_spell_disarm[0]] -> Press [Cast] while equipped to
[templates.template_desc_spell_disarm[1]] -> invoke the [Touch Target] effect.
[templates.template_desc_spell_strip[0]] -> Press [Cast] while equipped to
[templates.template_desc_spell_strip[1]] -> invoke the [Touch Target] effect.
[templates.template_icon_spell_abundance[0]] -> %+d%% [Food] does not
[templates.template_icon_spell_abundance[1]] -> deplete when eaten
[templates.template_desc_spell_abundance[0]] -> Expends MP on effect success. Press
[templates.template_desc_spell_abundance[1]] -> [Cast] while equipped to toggle the
[templates.template_desc_spell_abundance[2]] -> [Sustained] effect.
[templates.template_icon_spell_greater_abundance[0]] -> %+d%% [Food/Potions] do
[templates.template_icon_spell_greater_abundance[1]] -> not deplete when consumed
[templates.template_desc_spell_greater_abundance[0]] -> Expends MP on effect success. Press
[templates.template_desc_spell_greater_abundance[1]] -> [Cast] while equipped to toggle the
[templates.template_desc_spell_greater_abundance[2]] -> [Sustained] effect.
[templates.template_icon_spell_preserve[0]] -> Prevents [Degradation]
[templates.template_icon_spell_preserve[1]] -> of equipment
[templates.template_desc_spell_preserve[0]] -> Expends MP on preservation. Press
[templates.template_desc_spell_preserve[1]] -> [Cast] while equipped to toggle the
[templates.template_desc_spell_preserve[2]] -> [Sustained] effect.
[templates.template_icon_spell_restore[0]] -> [Repairs] an item using
[templates.template_icon_spell_restore[1]] -> gold
[templates.template_desc_spell_restore[0]] -> Press [Cast] while equipped to
[templates.template_desc_spell_restore[1]] -> select the inventory item to repair.
[templates.template_icon_spell_sabotage[0]] -> +%d Magic Damage to
[templates.template_icon_spell_sabotage[1]] -> [Construct] creatures
[templates.template_icon_spell_sabotage[2]] -> Dismantles [Traps]
[templates.template_desc_spell_sabotage[0]] -> Press [Cast] while equipped to
[templates.template_desc_spell_sabotage[1]] -> invoke the [Touch Target] effect.
[templates.template_icon_spell_harvest_trap[0]] -> Dismantles [Traps] into
[templates.template_icon_spell_harvest_trap[1]] -> [Metal/Magic Scrap]
[templates.template_desc_spell_harvest_trap[0]] -> Press [Cast] while equipped to
[templates.template_desc_spell_harvest_trap[1]] -> invoke the [Touch Target] effect.
[templates.template_icon_spell_mist_form[0]] -> Grants %+d%% [Evasion]
[templates.template_desc_spell_mist_form[0]] -> Expends MP on effect success.
[templates.template_desc_spell_mist_form[1]] -> Press [Cast] while equipped to
[templates.template_desc_spell_mist_form[2]] -> toggle the [Sustained] effect.
[templates.template_icon_spell_hologram[0]] -> Summons a [Hologram]
[templates.template_icon_spell_hologram[1]] -> to lure attackers
[templates.template_desc_spell_hologram[0]] -> Press [Cast] while equipped to
[templates.template_desc_spell_hologram[1]] -> invoke the [Ground Target] effect.
[templates.template_icon_spell_force_shield[0]] -> Grants %+d AC to held
[templates.template_icon_spell_force_shield[1]] -> [Off-Hand] items
[templates.template_desc_spell_force_shield[0]] -> Press [Cast] while equipped to
[templates.template_desc_spell_force_shield[1]] -> improve your defense for a time.
[templates.template_icon_spell_reflector[0]] -> Grants [Magic Reflection]
[templates.template_icon_spell_reflector[1]] -> while defending with
[templates.template_icon_spell_reflector[2]] -> [Off-Hand] items
[templates.template_desc_spell_reflector[0]] -> Press [Cast] while equipped to gain
[templates.template_desc_spell_reflector[1]] -> reflection for a time.
[templates.template_icon_spell_splinter_gear[0]] -> [Degrades] target's armor
[templates.template_icon_spell_splinter_gear[1]] -> %+d Magic Damage on degrade
[templates.template_desc_spell_splinter_gear[0]] -> Press [Cast] while equipped to cast the
[templates.template_desc_spell_splinter_gear[1]] -> [Projectile].
[templates.template_icon_spell_lighten_load[0]] -> %+d [WGT Reduction]
[templates.template_desc_spell_lighten_load[0]] -> Press [Cast] while equipped to
[templates.template_desc_spell_lighten_load[1]] -> toggle the [Sustained] effect.
[templates.template_icon_spell_attract_items[0]] -> [Attracts] nearby items
[templates.template_desc_spell_attract_items[0]] -> Press [Cast] while equipped to
[templates.template_desc_spell_attract_items[1]] -> toggle the [Sustained] effect.
[templates.template_icon_spell_return_items[0]] -> [Returns] thrown items
[templates.template_icon_spell_return_items[1]] -> to your inventory
[templates.template_desc_spell_return_items[0]] -> Expends MP on effect. Press [Cast]
[templates.template_desc_spell_return_items[1]] -> while equipped to toggle the
[templates.template_desc_spell_return_items[2]] -> [Sustained] effect.
[templates.template_icon_spell_absorb_magic[0]] -> [Absorbs] Magic projectiles
[templates.template_desc_spell_absorb_magic[0]] -> Effect is depleted when applying Magic
[templates.template_desc_spell_absorb_magic[1]] -> Damage bonus. Press [Cast] while
[templates.template_desc_spell_absorb_magic[2]] -> equipped to gain absorption for a time.
[templates.template_icon_spell_deface[0]] -> [Destroy] targeted Sinks,
[templates.template_icon_spell_deface[1]] -> Gravestones, Workbenches
[templates.template_icon_spell_deface[2]] -> or Cauldrons
[templates.template_desc_spell_deface[0]] -> Press [Cast] while equipped to
[templates.template_desc_spell_deface[1]] -> invoke the [Touch Target] effect.
[templates.template_desc_spell_sunder_monument[0]] -> Press [Cast] while equipped to
[templates.template_desc_spell_sunder_monument[1]] -> invoke the [Touch Target] effect.
[templates.template_icon_spell_demesne_door[0]] -> [Enchants] a doorway
[templates.template_icon_spell_demesne_door[1]] -> Allies passing through
[templates.template_icon_spell_demesne_door[2]] -> gain +STR/+CON/+INT
[templates.template_desc_spell_demesne_door[0]] -> Press [Cast] while equipped to
[templates.template_desc_spell_demesne_door[1]] -> invoke the [Touch Target] effect.
[templates.template_icon_spell_tunnel[0]] -> Summons a [Portal]
[templates.template_icon_spell_tunnel[1]] -> Teleports users to the
[templates.template_icon_spell_tunnel[2]] -> opposite side of a wall
[templates.template_desc_spell_tunnel[0]] -> Press [Cast] while equipped to
[templates.template_desc_spell_tunnel[1]] -> invoke the [Wall Target] effect.
[templates.template_icon_spell_null_area[0]] -> Creates a [Null Magic] field
[templates.template_icon_spell_null_area[1]] -> Destroys magic projectiles
[templates.template_icon_spell_null_area[2]] -> within the area
[templates.template_desc_spell_null_area[0]] -> Press [Cast] while equipped to
[templates.template_desc_spell_null_area[1]] -> invoke the [Ground Target] effect.
[templates.template_icon_spell_fire_sprite[0]] -> Summons [Fire Sprite]
[templates.template_icon_spell_fire_sprite[1]] -> Inflicts [Burning]
[templates.template_icon_spell_fire_sprite[2]] -> Impervious to attack
[templates.template_desc_spell_fire_sprite[0]] -> Press [Cast] while equipped to
[templates.template_desc_spell_fire_sprite[1]] -> invoke the [Ground Target] effect.
[templates.template_icon_spell_flame_elemental[0]] -> Summons [Flame Elemental]
[templates.template_icon_spell_flame_elemental[1]] -> Inflicts [Burning]
[templates.template_icon_spell_flame_elemental[2]] -> Detonates on death
[templates.template_desc_spell_flame_elemental[0]] -> Press [Cast] while equipped to
[templates.template_desc_spell_flame_elemental[1]] -> invoke the [Ground Target] effect.
[templates.template_icon_spell_spin[0]] -> [Spins] the target to
[templates.template_icon_spell_spin[1]] -> [Disorient] briefly
[templates.template_desc_spell_spin[0]] -> Press [Cast] while equipped
[templates.template_desc_spell_spin[1]] -> to cast the [Projectile].
[templates.template_icon_spell_cleanse_food[0]] -> Restores food to [Fresh]
[templates.template_icon_spell_cleanse_food[1]] -> quality and removes
[templates.template_icon_spell_cleanse_food[2]] -> [Curse]
[templates.template_desc_spell_cleanse_food[0]] -> Requires multiple casts to fully
[templates.template_desc_spell_cleanse_food[1]] -> cleanse. Press [Cast] while equipped
[templates.template_desc_spell_cleanse_food[2]] -> to select food to be cleansed.
[templates.template_icon_spell_flame_cloak[0]] -> Grants [Flame Cloak]
[templates.template_icon_spell_flame_cloak[1]] -> Immunity to [Burn] damage
[templates.template_icon_spell_flame_cloak[2]] -> Alights near flames
[templates.template_icon_spell_flame_cloak[3]] -> [Burns] enemy attackers
[templates.template_desc_spell_flame_cloak[0]] -> Press [Cast] while equipped to toggle
[templates.template_desc_spell_flame_cloak[1]] -> the [Sustained] effect.
[templates.template_icon_spell_lightning_bolt[0]] -> %+d Magic Damage
[templates.template_icon_spell_lightning_bolt[1]] -> Inflicts +1 [Static]
[templates.template_desc_spell_lightning_bolt[0]] -> Seeks nearby targets faster when
[templates.template_desc_spell_lightning_bolt[1]] -> targets are affected by [Static].
[templates.template_desc_spell_lightning_bolt[2]] -> Press [Cast] while equipped to
[templates.template_desc_spell_lightning_bolt[3]] -> invoke the [Ground Target] effect.
[templates.template_icon_spell_disrupt_earth[0]] -> %+d Magic Damage
[templates.template_icon_spell_disrupt_earth[1]] -> Inflicts [Knockback]
[templates.template_desc_spell_disrupt_earth[0]] -> Press [Cast] while equipped to
[templates.template_desc_spell_disrupt_earth[1]] -> invoke the [Ground Target] effect.
[templates.template_icon_spell_earth_spines[0]] -> %+d Magic Damage
[templates.template_icon_spell_earth_spines[1]] -> Inflicts [Knockback]
[templates.template_desc_spell_earth_spines[0]] -> Press [Cast] while equipped to
[templates.template_desc_spell_earth_spines[1]] -> invoke the [Ground Target] effect.
[templates.template_icon_spell_fire_wall[0]] -> %+d Magic Damage
[templates.template_icon_spell_fire_wall[1]] -> Inflicts [Knockback],
[templates.template_icon_spell_fire_wall[2]] -> [Burning]
[templates.template_desc_spell_fire_wall[0]] -> Press [Cast] while equipped to
[templates.template_desc_spell_fire_wall[1]] -> invoke the [Ground Target] effect.
[templates.template_desc_spell_lift[0]] -> Press [Cast] while equipped to
[templates.template_desc_spell_lift[1]] -> invoke the [Ground Target] effect.
[templates.template_icon_spell_slam[0]] -> %+d Magic Damage
[templates.template_icon_spell_slam[1]] -> Inflicts [Rooted]
[templates.template_desc_spell_slam[0]] -> Higher STR and CON of target
[templates.template_desc_spell_slam[1]] -> increases landing damage.
[templates.template_desc_spell_slam[2]] -> Press [Cast] while equipped to
[templates.template_desc_spell_slam[3]] -> invoke the [Ground Target] effect.
[templates.template_icon_spell_ignite[0]] -> Inflicts [Burning] to nearby
[templates.template_icon_spell_ignite[1]] -> creatures and objects
[templates.template_desc_spell_ignite[0]] -> Press [Cast] while equipped to ignite
[templates.template_desc_spell_ignite[1]] -> the area around you.
[templates.template_icon_spell_shatter_objects[0]] -> %+d Magic Damage to
[templates.template_icon_spell_shatter_objects[1]] -> nearby objects
[templates.template_desc_spell_shatter_objects[0]] -> Press [Cast] while equipped to shatter
[templates.template_desc_spell_shatter_objects[1]] -> nearby objects in an area around you.
[templates.template_icon_spell_kinetic_field[0]] -> Places a [Kinetic Field]
[templates.template_icon_spell_kinetic_field[1]] -> Grants [Dash] when
[templates.template_icon_spell_kinetic_field[2]] -> stepped on, destroying
[templates.template_icon_spell_kinetic_field[3]] -> breakables on impact
[templates.template_desc_spell_kinetic_field[0]] -> Press [Cast] while equipped to
[templates.template_desc_spell_kinetic_field[1]] -> invoke the [Ground Target] effect.
[templates.template_icon_spell_earth_elemental[0]] -> Summons [Earth Sprite]
[templates.template_icon_spell_earth_elemental[1]] -> +%d Trap Damage
[templates.template_icon_spell_earth_elemental[2]] -> when summoned
[templates.template_desc_spell_earth_elemental[0]] -> Requires a ceiling to summon.
[templates.template_desc_spell_earth_elemental[1]] -> Press [Cast] while equipped to
[templates.template_desc_spell_earth_elemental[2]] -> invoke the [Ground Target] effect.
[templates.template_icon_spell_mushroom[0]] -> Plants a [Mushroom]
[templates.template_icon_spell_mushroom[1]] -> +%d Magic Damage
[templates.template_icon_spell_mushroom[2]] -> Inflicts [Poison/Knockback]
[templates.template_desc_spell_mushroom[0]] -> Consumes foliage to summon.
[templates.template_desc_spell_mushroom[1]] -> Press [Cast] while equipped to
[templates.template_desc_spell_mushroom[2]] -> invoke the [Ground Target] effect.
[templates.template_icon_spell_shrub[0]] -> Plants a [Shrub]
[templates.template_icon_spell_shrub[1]] -> +%d [HP Restore] per pulse
[templates.template_icon_spell_shrub[2]] -> Retaliates with [Thorns]
[templates.template_desc_spell_shrub[0]] -> Consumes foliage to summon.
[templates.template_desc_spell_shrub[1]] -> Press [Cast] while equipped to
[templates.template_desc_spell_shrub[2]] -> invoke the [Ground Target] effect.
[templates.template_icon_spell_thorns[0]] -> Grants [Retaliation]
[templates.template_icon_spell_thorns[1]] -> +%d Magic Damage
[templates.template_icon_spell_thorns[2]] -> to melee attackers
[templates.template_desc_spell_thorns[0]] -> Expends MP when retaliating.
[templates.template_desc_spell_thorns[1]] -> Press [Cast] while equipped to
[templates.template_desc_spell_thorns[2]] -> toggle the [Sustained] effect.
[templates.template_icon_spell_bladevines[0]] -> Grants [Retaliation]
[templates.template_icon_spell_bladevines[1]] -> +%d Magic Damage and
[templates.template_icon_spell_bladevines[2]] -> [Bleed] to melee attackers
[templates.template_desc_spell_bladevines[0]] -> Expends MP when retaliating.
[templates.template_desc_spell_bladevines[1]] -> Press [Cast] while equipped to
[templates.template_desc_spell_bladevines[2]] -> toggle the [Sustained] effect.
[templates.template_icon_spell_magicians_armor[0]] -> Applies +1 [Invulnerability]
[templates.template_icon_spell_magicians_armor[1]] -> charge to melee/projectiles
[templates.template_icon_spell_magicians_armor[2]] -> up to %+d maximum
[templates.template_desc_spell_magicians_armor[0]] -> Consumes charges on attack negation.
[templates.template_desc_spell_magicians_armor[1]] -> Press [Cast] while equipped to create
[templates.template_desc_spell_magicians_armor[2]] -> the bubble.
[templates.template_icon_spell_project_spirit[0]] -> Become a [Fowl Spirit]
[templates.template_icon_spell_project_spirit[1]] -> leaving your physical
[templates.template_icon_spell_project_spirit[2]] -> body behind for a time
[templates.template_desc_spell_project_spirit[0]] -> Effect ends if body receives harm.
[templates.template_desc_spell_project_spirit[1]] -> Press [Cast] while equipped to
[templates.template_desc_spell_project_spirit[2]] -> explore as your spirit animal.
[templates.template_icon_spell_breathe_fire[0]] -> Releases %+d projectiles:
[templates.template_icon_spell_breathe_fire[1]] -> %+d Magic Damage
[templates.template_icon_spell_breathe_fire[2]] -> Inflicts [Burning]
[templates.template_desc_spell_breathe_fire[0]] -> Phases through creatures. Short
[templates.template_desc_spell_breathe_fire[1]] -> range spell. Press [Cast] while
[templates.template_desc_spell_breathe_fire[2]] -> equipped to begin belching fire.
[templates.template_icon_spell_heal_minor[0]] -> +%d [HP Restore] over time
[templates.template_desc_spell_heal_minor[0]] -> Effect ends if caster receives damage.
[templates.template_desc_spell_heal_minor[1]] -> Press [Cast] while equipped to invoke
[templates.template_desc_spell_heal_minor[2]] -> the self healing effect.
[templates.template_icon_spell_sigil[0]] -> Applies to allies in the area:
[templates.template_icon_spell_sigil[1]] -> %+d%% [Healing] effects bonus
[templates.template_icon_spell_sigil[2]] -> %+d%% damage dealt to enemies
[templates.template_desc_spell_sigil[0]] -> Press [Cast] while equipped to invoke
[templates.template_desc_spell_sigil[1]] -> the [Ground Target] effect.
[templates.template_icon_spell_sanctuary[0]] -> Applies to allies in the area:
[templates.template_icon_spell_sanctuary[1]] -> %+d%% [Damage Resistance]
[templates.template_desc_spell_sanctuary[0]] -> Press [Cast] while equipped to invoke
[templates.template_desc_spell_sanctuary[1]] -> the [Ground Target] effect.
[templates.template_icon_spell_holy_beam[0]] -> %+d Magic Damage
[templates.template_icon_spell_holy_beam[1]] -> +100%% damage to
[templates.template_icon_spell_holy_beam[2]] -> Unholy enemies
[templates.template_desc_spell_holy_beam[0]] -> Phases through creatures.
[templates.template_desc_spell_holy_beam[1]] -> Press [Cast] while equipped to cast
[templates.template_desc_spell_holy_beam[2]] -> the [Projectile].
[templates.template_spell_cost_gold[0]] -> Cost: %d MP %d Gold
[templates.template_spell_damage_bonus_pwr[0]] -> Spell %s bonuses:
[templates.template_spell_damage_bonus_pwr[1]] -> %+d base spell %s
[templates.template_spell_damage_bonus_pwr[2]] -> %+.f%% spell %s from PWR
[templates.template_spell_cast_time[0]] -> Casting Attributes:
[templates.template_spell_cast_time[1]] -> %+.2fs base cast time
[templates.template_spell_cast_time[2]] -> %+.2fs cast time from DEX/effects
[templates.template_spell_distance[0]] -> %+.1f tile base distance
[templates.template_spell_distance[1]] -> %+.1f tile distance from PER/effects
[templates.template_spell_generic_bonus_pwr[0]] -> Spell %s bonuses:
[templates.template_spell_generic_bonus_pwr[1]] -> %+.f%% spell %s from PWR
[templates.template_spell_damage_bonus_pwr_dual[0]] -> Spell %s bonuses:\n%+d base spell %s\n%+.f%% spell %s from PWR\n%+d base spell %s\n%+.f%% spell %s from PWR
[templates.template_spell_cast_success1[0]] -> ^Low %s skill penalty:
[templates.template_spell_cast_success2[0]] -> ^* %d%% cast failure rate
[templates.template_spell_no_gain_levels[0]] -> Spell Tier mastered:
[templates.template_spell_no_gain_levels[1]] -> * Reduced skill level
[templates.template_spell_no_gain_levels[2]] -> advancement
[templates.template_attr_spell_blood_waves[0]] -> Attributes:
[templates.template_attr_spell_blood_waves[1]] -> * +3 spell damage per +1 INT
[templates.template_attr_spell_magicians_armor[0]] -> Attributes:
[templates.template_attr_spell_magicians_armor[1]] -> * +1 maximum charge per +20 total\nINT + Sorcery skill
[templates.template_attr_spell_breathe_fire[0]] -> Attributes:
[templates.template_attr_spell_breathe_fire[1]] -> * +1 MP Cost per 50 Max MP
[templates.template_attr_spell_breathe_fire[2]] -> * +100% MP Cost when below 40% MP
[tooltips.tooltip_thrown_ball.icons[0].text] -> %+d Thrown Damage
[tooltips.tooltip_thrown_ball.icons[1].text] -> Inflicts [Greasy] on impact\nLeaves [Slippery] trails
[tooltips.tooltip_thrown_ball.icons[2].text] -> Inflicts [Dusted] on impact\nLeaves [Mycelium] trails
[tooltips.tooltip_thrown_ball.icons[3].text] -> [Mycelium] sprouts a damaging\nmushroom near enemies
[tooltips.tooltip_thrown_ball.icons[4].text] -> Inflicts [Blindness]
[tooltips.tooltip_thrown_ball.details[2].dissolve[0]] -> * Dissolves on landing
[tooltips.tooltip_thrown_ball.details[2].dissolve[1]] -> * Travels past creatures
[tooltips.tooltip_thrown_ball.details[3].EFF_GREASE_BALL[0]] -> * Slippery terrain ignites near flames
[tooltips.tooltip_thrown_ball.details[4].EFF_DUST_BALL[0]] -> * [Dusted] lowers PER and increases visibility
[tooltips.tooltip_thrown_ball.details[5].piercing[0]] -> +50% Armor Pierce
[tooltips.tooltip_thrown_ball.details[11].fully_charged[0]] -> +3 ATK on fully charged throw
[tooltips.tooltip_jewel.icons[0].text] -> Recruits various Humanoids\nwithin %sfrom [%s] quality
[tooltips.tooltip_jewel.description[0]] -> Can be sold for a high price or thrown to recruit allies where it lays. Hold [Attack] to increase distance.
[tooltips.tooltip_jewel.details[2].jewel_limit[0]] -> %+d maximum followers from Leadership skill
[tooltips.tooltip_magicstaff_scepter.icons[0].text] -> %+d Damage
[tooltips.tooltip_magicstaff_scepter.icons[2].text] -> Can be [Recharged] by sacrificing\nlearned spells
[tooltips.tooltip_magicstaff_scepter.description[0]] -> Enables basic melee strikes. Hold [Attack]
[tooltips.tooltip_magicstaff_scepter.description[1]] -> to unleash a magical blast.
[tooltips.tooltip_magicstaff_scepter.details[1].attributes_scepter[0]] -> Attributes:
[tooltips.tooltip_magicstaff_scepter.details[1].attributes_scepter[1]] -> * Depletes 5% per blast
[tooltips.tooltip_magicstaff_scepter.details[1].attributes_scepter[2]] -> * Sacrificed spells restore 5% charge per spell Tier, starting at 10% for Tier I spells
[tooltips.tooltip_spell_item.icons[22].text] -> [Nullify] removes Damage-Type\nWeaknesses and Resistances
[tooltips.tooltip_spell_item.icons[23].text] -> Inflicts [Disoriented]\nbased on distance travelled
[tooltips.tooltip_spell_item.icons[24].text] -> %+d [Charge] restored\neach sustain interval
[tooltips.tooltip_spell_item.icons[25].text] -> %+d Maximum [Charge]
[tooltips.tooltip_spell_item.icons[26].text] -> %+d [Charge] restored\neach sustain interval
[tooltips.tooltip_spell_item.icons[27].text] -> %+d Maximum [Charge]
[tooltips.tooltip_spell_item.icons[28].text] -> %+d [Charge] restored\neach sustain interval
[tooltips.tooltip_spell_item.icons[29].text] -> %+d Maximum [Charge]
[tooltips.tooltip_spell_item.icons[30].text] -> Effect Power: [Tier %s]
[tooltips.tooltip_spell_item.icons[31].text] -> Effect Power: [Tier %s]
[tooltips.tooltip_spell_item.icons[32].text] -> Effect Power: [Tier %s]
[tooltips.tooltip_spell_item.icons[33].text] -> Effect Power: [Tier %s]
[tooltips.tooltip_spell_item.icons[34].text] -> Effect Power: [Tier %s]
[tooltips.tooltip_spell_item.icons[35].text] -> Effect Power: [Tier %s]
[tooltips.tooltip_spell_item.icons[37].text] -> %+d [Smite] Damage to target\n when next hit
[tooltips.tooltip_spell_item.icons[38].text] -> %+d%% [Smite] Damage of target's\nHP lost while triggering
[tooltips.tooltip_spell_item.icons[39].text] -> Effect Power:\nInflicts [Fear]
[tooltips.tooltip_spell_item.icons[40].text] -> Effect Power:\n%+d [Smite] Damage\nInflicts [Fear]
[tooltips.tooltip_spell_item.icons[41].text] -> Effect Power:\n%+d [Smite] Damage\nInflicts [Fear/Holy Fire]
[tooltips.tooltip_spell_item.icons[42].text] -> %+d%% resistance against\npoisonous creatures
[tooltips.tooltip_spell_item.icons[43].text] -> [Enhance] targets provide\nmore XP when killed
[tooltips.tooltip_spell_item.icons[44].text] -> [Diminish] targets provide\nless XP when killed
[tooltips.tooltip_spell_item.icons[45].text] -> Reduces MP costs, allows HP\nto be expended when out of\nMP and reduces recast time
[tooltips.tooltip_spell_item.icons[46].text] -> %+d Magic Damage based\non target's remaining HP %%
[tooltips.tooltip_spell_item.icons[47].text] -> Consumes %d%% HP on cast\n(Cannot reduce below 10%% HP)
[tooltips.tooltip_spell_item.icons[48].text] -> +100% Damage on [Greasy]\naffected targets
[tooltips.tooltip_spell_item.icons[49].text] -> [Transmutes] Jewels into\nhigher quality variants
[tooltips.tooltip_spell_item.icons[50].text] -> Revenant Skull LVL: %d
[tooltips.tooltip_spell_item.icons[51].text] -> Wind Distance: %+d tiles
[tooltips.tooltip_spell_item.icons[52].text] -> Deals %d%% Damage to [Construct]\ncreatures or if armor [Breaks]
[tooltips.tooltip_spell_item.icons[53].text] -> Improves Magic Damage of\ncaster's next spell based on\n[Absorb] charge total
[tooltips.tooltip_spell_item.icons[54].text] -> Fire Sprite LVL: %d
[tooltips.tooltip_spell_item.icons[55].text] -> Flame Elemental LVL: %d
[tooltips.tooltip_spell_item.icons[56].text] -> Lingering terrain lowers\n[AC/Speed] of targets
[tooltips.tooltip_spell_item.icons[57].text] -> Lingering terrain lowers\n[AC/Speed] of targets, deals\n%+d Magic Damage per instance
[tooltips.tooltip_spell_item.icons[58].text] -> Damage Instances: 3\n[Knockback] Instances: 5
[tooltips.tooltip_spell_item.icons[59].text] -> Earth Sprite LVL: %d
[tooltips.tooltip_spell_item.icons[60].text] -> Drops forageables on expiry
[tooltips.tooltip_spell_item.icons[61].text] -> Drops forageables on expiry
[tooltips.tooltip_spell_item.icons[62].text] -> HP lost by attacks increases\n[Retaliation] up to %+d damage
[tooltips.tooltip_spell_item.icons[63].text] -> HP lost by attacks increases\n[Retaliation] up to %+d damage
[tooltips.tooltip_spell_item.icons[64].text] -> Decreases target resistances\nup to %+d instances from CHR
[tooltips.tooltip_spell_item.icons[65].text] -> %+d [HP Restore]\nto allies
[tooltips.tooltip_spell_item.icons[66].text] -> %+d Magic Damage for each\n[Static] up to +5 instances
[tooltips.tooltip_spell_item.icons[67].text] -> %+d Magic Damage for each\n[Static] up to +3 instances
[tooltips.tooltip_spell_item.details[10].attribute_spell_breathe_fire] -> template_attr_spell_breathe_fire
[tooltips.tooltip_spell_item.details[11].spell_damage_bonus] -> template_spell_damage_bonus_pwr
[tooltips.tooltip_spell_item.details[13].spell_cast_time] -> template_spell_cast_time
[tooltips.tooltip_spell_item.details[14].spell_distance] -> template_spell_distance
[tooltips.tooltip_spell_item.details[16].spell_nogain_levels] -> template_spell_no_gain_levels
[tooltips.tooltip_spell_item.details[18].spell_cast_success1] -> template_spell_cast_success1
[tooltips.tooltip_spell_item.details[19].spell_cast_success2] -> template_spell_cast_success2
[tooltips.tooltip_spell_item.details[20].spell_extramana_chance] -> template_spell_extramana_chance
[tooltips.tooltip_tome.icons[0].text] -> Teaches [%s]\nwhen read
[tooltips.tooltip_tome.icons[1].text] -> [Not yet learnable]
[tooltips.tooltip_tome.icons[2].text] -> [Learnable]
[tooltips.tooltip_tome.icons[3].text] -> [Spell already known]
[tooltips.tooltip_tome.icons[4].text] -> [Unlearnable]
[tooltips.tooltip_tome.description[0]] -> Vanishes on use.
[tooltips.tooltip_tool_beartrap.details[4].degrade[0]] -> * Degrades when triggered
[tooltips.tooltip_tool_duck.icons[0].text] -> Inflicts [Distract] briefly\nPrevents targets from\nbeing alerted on next hit
[tooltips.tooltip_tool_duck.description[0]] -> Equip and hold [Defend] to deploy.
[tooltips.tooltip_tool_duck.description[1]] -> Determined to keep companionship.
[tooltips.tooltip_tool_duck.details[2].duck_info[0]] -> * Chases enemies with distracting squawks
[tooltips.tooltip_tool_duck.details[2].duck_info[1]] -> * Returns after a short period of
[tooltips.tooltip_tool_duck.details[2].duck_info[2]] -> wandering around
[tooltips.tooltip_tool_duck.details[2].duck_info[4]] -> Profile:
[tooltips.tooltip_tool_duck.details[2].duck_info[5]] -> * Best friend: %s
[tooltips.tooltip_tool_duck.details[2].duck_info[6]] -> * Likes: Swimming, walks on the creek
[tooltips.tooltip_tool_duck.details[2].duck_info[7]] -> * Name: %s
[tooltips.tooltip_tool_skeletonkey.icons[0].text] -> +100% [Unlock] chance
[tooltips.tooltip_tool_skeletonkey.details[1].attributes_text[0]] -> Attributes:
[tooltips.tooltip_tool_skeletonkey.details[1].attributes_text[1]] -> * Degrades on unlocking chests and wall locks for the first time
[tooltips.tooltip_ring.icons[16].text] -> Grants +%d [Max HP] [Max MP]
[tooltips.tooltip_ranged_long.icons[1].text] -> Adds chance on firing: (25%%)\nLaunches a seed leaving [Spores]\nthat inflict [Poison/Slow]
[tooltips.tooltip_thrown.icons[1].text] -> Inflicts [Rooted]
[tooltips.tooltip_thrown.details[2].EFF_ROOTED[0]] -> * Falls to the floor on [Rooted] expiry
[tooltips.tooltip_thrown.details[2].EFF_ROOTED[1]] -> * Effect duration increases with DEX/PER and charge time
[tooltips.tooltip_thrown.details[3].piercing[0]] -> +50% Armor Pierce
[tooltips.tooltip_thrown.details[4].unbreakable[0]] -> * Unbreakable
[tooltips.tooltip_thrown.details[11].fully_charged[0]] -> +3 ATK / +25%  Armor Pierce on fully charged throw
[tooltips.tooltip_offhand_frypan.description[0]] -> Use to begin cooking. May also be equipped as a makeshift defense.
[tooltips.tooltip_offhand_frypan.details[2].frypan_cooking[0]] -> * Cooking requires nearby campfires
[tooltips.tooltip_offhand_frypan.details[2].frypan_cooking[1]] ->  or a steady supply of torches as fuel
[tooltips.tooltip_offhand_frypan.details[2].frypan_cooking[2]] -> * Quickly access Cook menu when held
[tooltips.tooltip_offhand_frypan.details[2].frypan_cooking[3]] ->  by holding [Defend] and pressing [Use]
[tooltips.tooltip_offhand_frypan.details[3].EFF_UNBREAKABLE[0]] -> * Unbreakable
[tooltips.tooltip_foci_light.icons[0].text] -> Casts Blessing: [Peace]\nEffect Max: [Tier %s]\n+1 [HP Restore] every [%d-%ds]\n\n
[tooltips.tooltip_foci_light.icons[1].text] -> Casts Blessing: [Purity]\nEffect Max: [Tier %s]\n[Cures] status effects every [%d-%ds]\n\n
[tooltips.tooltip_foci_light.icons[2].text] -> Casts Blessing: [Providence]\nEffect Max: [Tier %s]\nGrants [%d-%d%%] Slowed Hunger Rate\n\n
[tooltips.tooltip_foci_light.icons[3].text] -> Casts Blessing: [Justice]\nEffect Max: [Tier %s]\nGrants [%d-%d%%] [Smite] Damage\n\n
[tooltips.tooltip_foci_light.icons[4].text] -> Casts Blessing: [Sanctuary]\nEffect Max: [Tier %s]\nGrants [%d-%d] Armor Class\n\n
[tooltips.tooltip_foci_light.icons[5].text] -> Charge Cost: %d MP
[tooltips.tooltip_foci_light.icons[6].text] -> %+d%% Spell Power casting\n[%s] spells
[tooltips.tooltip_foci_light.description[0]] -> Hold [Defend] while equipped to begin\ncharging, longer charge time increases duration and effect strength. Grants\nblessings on release to nearby allies.
[tooltips.tooltip_foci_light.details[2].attributes_text[0]] -> Charging Effects:
[tooltips.tooltip_foci_light.details[3].foci_charge_text[0]] -> * Effects begin at Tier I on first charge cycle
[tooltips.tooltip_foci_light.details[3].foci_charge_text[1]] -> +1 Effect Strength per 4 charge cycles
[tooltips.tooltip_foci_light.details[3].foci_charge_text[2]] -> %+.1fs base charge cycle time
[tooltips.tooltip_foci_light.details[3].foci_charge_text[3]] -> %+.1fs effect duration per cycle
[tooltips.tooltip_foci_light.details[3].foci_charge_text[4]] -> * CHR increases maximum Effect Strength
[tooltips.tooltip_foci_light.details[3].foci_charge_text[5]] -> * Next Effect Strength bonus at: %s
[tooltips.tooltip_foci_light.details[4].attributes_text2[1]] -> MP Cost:
[tooltips.tooltip_foci_light.details[5].foci_mp_cost[0]] -> %+d MP cost per cycle
[tooltips.tooltip_foci_light.details[5].foci_mp_cost[1]] -> * Free MP cost every %s of %s cycles from CHR
[tooltips.tooltip_foci_light.details[5].foci_mp_cost[2]] -> * Next MP cost bonus at: %s
[tooltips.tooltip_foci_light.details[5].foci_mp_cost[4]] -> %s Skill Bonus:
[tooltips.tooltip_foci_light.details[5].foci_mp_cost[5]] -> %+d%% faster charge cycle time
[tooltips.tooltip_foci_light.details[5].foci_mp_cost[6]] -> %+d%% reduced movement speed penalty
[tooltips.tooltip_foci_dark.icons[0].text] -> Casts Hex: [Void Rift]\nInflicts [Stasis] on enemies:\nUnable to move or take damage\n\n
[tooltips.tooltip_foci_dark.icons[1].text] -> Casts Hex: []
[tooltips.tooltip_foci_dark.icons[2].text] -> Casts Hex: []
[tooltips.tooltip_foci_dark.icons[3].text] -> Casts Hex: []
[tooltips.tooltip_foci_dark.icons[4].text] -> Casts Hex: []
[tooltips.tooltip_foci_dark.icons[5].text] -> Charge Cost: %d MP
[tooltips.tooltip_foci_dark.icons[6].text] -> %+d%% Spell Power casting\n[%s] spells
[tooltips.tooltip_foci_dark.description[0]] -> Hold [Defend] while equipped to begin\ncharging, longer charge time increases duration of effects. Inflicts effects on release to enemies within an area.
[tooltips.tooltip_foci_dark.details[2].attributes_text[0]] -> Charging Effects:
[tooltips.tooltip_foci_dark.details[3].foci_charge_text[0]] -> %+.1fs base charge cycle time
[tooltips.tooltip_foci_dark.details[3].foci_charge_text[1]] -> %+.1fs effect duration per cycle
[tooltips.tooltip_foci_dark.details[4].attributes_text2[1]] -> MP Cost:
[tooltips.tooltip_foci_dark.details[5].foci_mp_cost[0]] -> %+d MP cost per cycle
[tooltips.tooltip_foci_dark.details[5].foci_mp_cost[1]] -> * Free MP cost every %s of %s cycles from CHR
[tooltips.tooltip_foci_dark.details[5].foci_mp_cost[2]] -> * Next MP cost bonus at: %s
[tooltips.tooltip_foci_dark.details[5].foci_mp_cost[4]] -> %s Skill Bonus:
[tooltips.tooltip_foci_dark.details[5].foci_mp_cost[5]] -> %+d%% faster charge cycle time
[tooltips.tooltip_foci_dark.details[5].foci_mp_cost[6]] -> %+d%% reduced movement speed penalty
[tooltips.tooltip_foci_mage.icons[0].text] -> Casts [Flames]:\n%+d Magic Damage\nInflicts [Burning]\n\n
[tooltips.tooltip_foci_mage.icons[1].text] -> Casts [Snow]:\n%+d Magic Damage\nInflicts [Slow]\n\n
[tooltips.tooltip_foci_mage.icons[2].text] -> Casts [Sandblast]:\n%+d Magic Damage\nInflicts [Knockback]\n\n
[tooltips.tooltip_foci_mage.icons[3].text] -> Casts [Arcs]:\n%+d Magic Damage\nInflicts up to +3 [Static] from duration\n\n
[tooltips.tooltip_foci_mage.icons[4].text] -> Casts [Needles]:\n%+d Magic Damage\nInflicts [Bleed]\n\n
[tooltips.tooltip_foci_mage.icons[5].text] -> Charge Cost: %d MP
[tooltips.tooltip_foci_mage.icons[6].text] -> %+d%% Spell Power casting\n[%s] spells
[tooltips.tooltip_foci_mage.description[0]] -> Hold [Defend] while equipped to repeatedly\ncast the contained spell. Effect duration\nincreases with successive hits on targets.
[tooltips.tooltip_foci_mage.details[4].EFF_FOCI_MAGE_ARCS[0]] -> %+d spell damage per [Static] instance,
[tooltips.tooltip_foci_mage.details[4].EFF_FOCI_MAGE_ARCS[1]] -> inflicts up to +3 instances
[tooltips.tooltip_foci_mage.details[5].attributes_text[1]] -> Casting Attributes:
[tooltips.tooltip_foci_mage.details[6].foci_mage_cast[0]] -> %+.1fs base cast time
[tooltips.tooltip_foci_mage.details[6].foci_mage_cast[1]] -> %+.1fs effect duration per hit
[tooltips.tooltip_foci_mage.details[7].attributes_text2[1]] -> MP Cost:
[tooltips.tooltip_foci_mage.details[8].foci_mp_cost[0]] -> %+d MP cost per cycle
[tooltips.tooltip_foci_mage.details[8].foci_mp_cost[1]] -> * Free MP cost every %s of %s cycles from CHR
[tooltips.tooltip_foci_mage.details[8].foci_mp_cost[2]] -> * Next MP cost bonus at: %s
[tooltips.tooltip_foci_mage.details[8].foci_mp_cost[4]] -> %s Skill Bonus:
[tooltips.tooltip_foci_mage.details[8].foci_mp_cost[5]] -> %+d%% faster cast cycle time
[tooltips.tooltip_foci_mage.details[8].foci_mp_cost[6]] -> %+d%% reduced movement speed penalty
[tooltips.tooltip_instrument.icons[0].text] -> Grants [Flute] Inspiration:\nEffect Max: [Tier %s]\n[%d-%d] +DEX / [%d-%d%%] +Critical Speed\n\n
[tooltips.tooltip_instrument.icons[1].text] -> Grants [Lyre] Inspiration:\nEffect Max: [Tier %s]\n[%d-%d] +PER / [%d-%d%%] +Damage Resistance\n\n
[tooltips.tooltip_instrument.icons[2].text] -> Grants [Drum] Inspiration:\nEffect Max: [Tier %s]\n[%d-%d] +STR / [%d-%d%%] +Melee Armor Pierce\n\n
[tooltips.tooltip_instrument.icons[3].text] -> Grants [Lute] Inspiration:\nEffect Max: [Tier %s]\n[%d-%d%%] +PWR / [%d-%d%%] +Evasion\n\n
[tooltips.tooltip_instrument.icons[4].text] -> Grants [Horn] Inspiration:\nEffect Max: [Tier %s]\n[%d-%d] +CON / [%d-%d] +Retaliation Damage\n\n
[tooltips.tooltip_instrument.icons[5].text] -> Playing Cost: %d%% Max MP
[tooltips.tooltip_instrument.description[0]] -> Hold [Defend] while equipped to begin playing. Uninterrupted play yields stronger effects.
[tooltips.tooltip_instrument.details[1].instrument_casting[0]] -> Instrument Effects:
[tooltips.tooltip_instrument.details[1].instrument_casting[1]] -> %+d MP cost per play cycle
[tooltips.tooltip_instrument.details[1].instrument_casting[2]] -> * Effects begin at Tier I on first play cycle
[tooltips.tooltip_instrument.details[1].instrument_casting[3]] -> * CHR increases Stat/Tier bonus and reduces
[tooltips.tooltip_instrument.details[1].instrument_casting[4]] -> play cycles to reach maximum effect bonuses
[tooltips.tooltip_instrument.details[1].instrument_casting[5]] -> * Next Stat bonus at: %s
[tooltips.tooltip_instrument.details[1].instrument_casting[6]] -> * Next Tier bonus at: %s
[tooltips.tooltip_instrument.details[2].instrument_duration[1]] -> Play Cycle Time:
[tooltips.tooltip_instrument.details[2].instrument_duration[2]] -> * Effect duration/bonus increments per cycle
[tooltips.tooltip_instrument.details[2].instrument_duration[3]] -> %+.1fs play cycle time from CHR stat
[tooltips.tooltip_instrument.details[2].instrument_duration[5]] -> Effect Durations:
[tooltips.tooltip_instrument.details[2].instrument_duration[6]] -> %+.1fs duration per cycle from Lore skill
[tooltips.tooltip_instrument.details[2].instrument_duration[7]] -> * Effects are extended by successive plays
[tooltips.tooltip_instrument.details[2].instrument_duration[8]] -> * Maximum effect duration is 5 minutes
[tooltips.tooltip_armor_helm.icons[11].text] -> %+d%% [Magic Resistance]
[tooltips.tooltip_armor_helm.details[3].EFF_UNBREAKABLE[0]] -> * Unbreakable
[tooltips.tooltip_armor_cloak.icons[5].text] -> %+d%% [Damage Resistance]
[tooltips.tooltip_armor_cloak.icons[6].text] -> %+d%% [Trap Resistance]
[tooltips.tooltip_armor_boots.icons[12].text] -> Grants [Stability]
[tooltips.tooltip_armor_boots.icons[16].text] -> %+d%% [Magic Resistance]
[tooltips.tooltip_armor_boots.details[4].EFF_UNBREAKABLE[0]] -> * Unbreakable
[tooltips.tooltip_armor_breastpiece.icons[13].text] -> %+d%% [Touch Distance/Cast Speed]\ncasting [%s] spells\n
[tooltips.tooltip_armor_breastpiece.icons[14].text] -> %+d%% [Touch Distance/Cast Speed]\ncasting [%s] spells\n
[tooltips.tooltip_armor_breastpiece.icons[15].text] -> %+d%% [Touch Distance/Cast Speed]\ncasting [%s] spells\n
[tooltips.tooltip_armor_breastpiece.icons[16].text] -> %+d%% [Touch Distance]\ncasting Touch spells\n
[tooltips.tooltip_armor_breastpiece.icons[20].text] -> %+d%% [Magic Resistance]
[tooltips.tooltip_armor_gloves.icons[13].text] -> %+d%% [Magic Resistance]
[tooltips.tooltip_armor_gloves.details[3].EFF_UNBREAKABLE[0]] -> * Unbreakable
[tooltips.tooltip_mace_flail.icons[0].text] -> %+d Mace Damage
[tooltips.tooltip_mace_flail.icons[1].text] -> Basic swings:\n%+d%% ATK from [Mace] skill\nInflicts [Knockback] at close range
[tooltips.tooltip_mace_flail.description[0]] -> Long reach melee weapon. Hold [Attack]
[tooltips.tooltip_mace_flail.description[1]] -> to continuously swing. Performs a
[tooltips.tooltip_mace_flail.description[2]] -> critical strike after several windups.
[tooltips.tooltip_mace_flail.details[2].weapon_base_effects[0]] -> +50% attack range
[tooltips.tooltip_mace_flail.details[2].weapon_base_effects[1]] -> +10% armor break on critical strikes
[tooltips.tooltip_mace_shillelagh.icons[0].text] -> %+d Mace Damage
[tooltips.tooltip_mace_shillelagh.icons[1].text] -> On striking debilitated foes:\nWeapon ATK applies [%d-%d%%] bonus\nMagic Damage from [Mysticism] skill
[tooltips.tooltip_mace_shillelagh.description[0]] -> Bonus damage increases by amount of
[tooltips.tooltip_mace_shillelagh.description[1]] -> negative status effects on target. Hold [Attack] to perform a critical strike.
[tooltips.tooltip_mace_shillelagh.details[3].unbreakable[0]] -> * Unbreakable
[tooltips.tooltip_mace_shillelagh.details[4].shillelagh_bonus[1]] -> Bonus magic damage on hit:
[tooltips.tooltip_mace_shillelagh.details[4].shillelagh_bonus[2]] -> * Bonus base damage is +50% of outgoing
[tooltips.tooltip_mace_shillelagh.details[4].shillelagh_bonus[3]] -> wielder ATK when affected by a single debuff,
[tooltips.tooltip_mace_shillelagh.details[4].shillelagh_bonus[4]] -> then +25% per debuff count thereafter
[tooltips.tooltip_mace_shillelagh.details[4].shillelagh_bonus[5]] -> * Wielder ATK is calculated before critical
[tooltips.tooltip_mace_shillelagh.details[4].shillelagh_bonus[6]] -> strikes and weapon skill damage variance
[tooltips.tooltip_mace_artifact.details[3].artifact_mace[0]] -> * Unbreakable
[tooltips.tooltip_sword_rapier.icons[0].text] -> %+d Sword Damage
[tooltips.tooltip_sword_rapier.icons[1].text] -> -50%% ATK from DEX on basic attacks\n+25%% [Critical] Damage\n%+d [Riposte] Sword Damage
[tooltips.tooltip_sword_rapier.description[0]] -> Hold [Attack] to perform a critical strike.
[tooltips.tooltip_sword_rapier.description[1]] -> Press [Defend] while holding [Attack] to perform a riposte.
[tooltips.tooltip_sword_rapier.details[3].unbreakable[0]] -> * Unbreakable
[tooltips.tooltip_sword_rapier.details[4].weapon_parry_ac[1]] -> Ripostes:
[tooltips.tooltip_sword_rapier.details[4].weapon_parry_ac[2]] -> * Held shield AC ignored during [Riposte]
[tooltips.tooltip_sword_rapier.details[4].weapon_parry_ac[3]] -> %+d AC during [Riposte] from weapon ATK and Sword skill
[tooltips.tooltip_sword_claymore.icons[0].text] -> %+d Sword Damage
[tooltips.tooltip_sword_claymore.icons[1].text] -> [Critical] strikes perform a sweep\nto hit multiple targets in an arc
[tooltips.tooltip_sword_claymore.description[0]] -> Hold [Attack] to perform a critical strike.
[tooltips.tooltip_sword_claymore.description[1]] -> Press [Defend] while holding [Attack] to perform a parry.
[tooltips.tooltip_sword_claymore.details[3].weapon_parry_ac[1]] -> Parries:
[tooltips.tooltip_sword_claymore.details[3].weapon_parry_ac[2]] -> * Held shield AC ignored during [Parry]
[tooltips.tooltip_sword_claymore.details[3].weapon_parry_ac[3]] -> %+d AC during [Parry] from weapon ATK
[tooltips.tooltip_sword_claymore.details[3].weapon_parry_ac[4]] -> and Sword skill
[tooltips.tooltip_whip.details[2].whip_attributes[0]] -> +50% attack range
[tooltips.tooltip_whip.details[2].whip_attributes[1]] -> +20% [Bleed] chance on flanking strikes
[tooltips.tooltip_whip.details[2].whip_attributes[2]] -> +100% [Bleed] chance on disarming strikes
[tooltips.tooltip_whip.details[2].whip_attributes[3]] -> * Unbreakable
[tooltips.tooltip_food_ration.icons[0].text] -> Applies [+4 STR] [+4 DEX]\nDuration: [60s]
[tooltips.tooltip_food_ration.icons[1].text] -> Applies [+4 INT] [+25%% PWR]\nDuration: [60s]
[tooltips.tooltip_food_ration.icons[2].text] -> Applies [+4 CON] [+4 PER]\nDuration: [60s]
[tooltips.tooltip_food_ration.icons[3].text] -> Applies [+4 STR] [+4 CON]\nDuration: [60s]
[tooltips.tooltip_food_ration.icons[4].text] -> Applies [+4 CHR] [+20%% RES]\nDuration: [60s]
[tooltips.tooltip_food_ration.icons[5].text] -> Applies [+1 HP/MP Regen]\nDuration: [60s]
[tooltips.tooltip_food_ration.description[0]] -> Restores a small amount of hunger.
[tooltips.tooltip_food_ration.details[3].ration_stack[0]] -> * Extends duration of effect if active
[tooltips.tooltip_food_ration.details[3].ration_stack[1]] -> * Effect is lost on [Indigestion]
[tooltips.tooltip_armor_hat2.icons[11].text] -> %+d [%s] skill bonus
[tooltips.tooltip_armor_hat2.icons[12].text] -> %+d [%s] skill bonus
[tooltips.tooltip_armor_hat2.icons[53].text] -> %+d [HP Restoration]\nwhen eating food\n
[tooltips.tooltip_armor_hat2.icons[54].text] -> %+d [HP Restore] over\n[30s] when eating food\n
[tooltips.tooltip_armor_hat2.icons[55].text] -> Grants [Nausea Resistance]
[tooltips.tooltip_armor_hat2.icons[56].text] -> %d%% Spell [Distance]
[tooltips.tooltip_armor_hat2.details[12].EFF_MARIGOLD1[0]] -> * No effect for sickness inducing food
[tooltips.tooltip_armor_hat2.details[16].EFF_SILKEN_BOW[0]] -> Pacify chances:
[tooltips.tooltip_armor_hat2.details[16].EFF_SILKEN_BOW[1]] -> +%d%% base item chance
[tooltips.tooltip_armor_hat2.details[16].EFF_SILKEN_BOW[2]] -> +%d%% bonus chance from
[tooltips.tooltip_armor_hat2.details[16].EFF_SILKEN_BOW[3]] -> %s skill + %s stat
[tooltips.tooltip_key.icons[0].text] -> Unlocks [Iron] wall locks
[tooltips.tooltip_key.icons[1].text] -> Unlocks [Bronze] wall locks
[tooltips.tooltip_key.icons[2].text] -> Unlocks [Silver] wall locks
[tooltips.tooltip_key.icons[3].text] -> Unlocks [Gold] wall locks
[tooltips.tooltip_key.description[0]] -> Automatically consumed by [Interacting] with the corresponding wall lock type.

📂 ARCHIVO: lang/book_names.json
---------------------------------------------------------------------------
[comment] -> Change the right-hand value to the translated book name

📂 ARCHIVO: lang/compendium_lang/contents_achievements.json
---------------------------------------------------------------------------
[contents[1].ADVENTURE] -> adventure
[contents_alphabetical[2].EXPERIENCE] -> experience

📂 ARCHIVO: lang/compendium_lang/contents_items.json
---------------------------------------------------------------------------
[contents[0].    ARMOR] -> -
[contents[1].SHIELDS] -> shields
[contents[2].LEATHER ARMOR] -> leather armor
[contents[3].QUILTED ARMOR] -> quilted armor
[contents[4].CHAIN ARMOR] -> chain armor
[contents[5].IRON ARMOR] -> iron armor
[contents[6].STEEL ARMOR] -> steel armor
[contents[7].CRYSTAL ARMOR] -> crystal armor
[contents[8].SPHINX'S CASQUE] -> sphinxs casque
[contents[9].ORACLE'S TREADS] -> oracles treads
[contents[10].DJINNI'S BRACE] -> djinnis brace
[contents[11].DRAGON'S MAIL] -> dragons mail
[contents[12].WRAITH'S GOWN] -> wraiths gown
[contents[13].    CLOTHING] -> -
[contents[14].HATS & HOODS] -> hats & hoods
[contents[15].CROWNS & HEADDRESSES] -> crowns & headdresses
[contents[16].FACE ACCESSORIES] -> face accessories
[contents[17].MASKS & VISORS] -> masks & visors
[contents[18].CLOAKS & CLOTHING] -> cloaks & clothing
[contents[19].BACKPACKS] -> backpacks
[contents[20].    MELEE WEAPONS] -> -
[contents[21].SWORDS] -> swords
[contents[22].GREATSWORDS] -> greatswords
[contents[23].RAPIER] -> rapier
[contents[24].AXES] -> axes
[contents[25].MACES] -> maces
[contents[26].FLAILS] -> flails
[contents[27].SHILLELAGH] -> shillelagh
[contents[28].POLEARMS] -> polearms
[contents[33].FIST WEAPONS] -> fist weapons
[contents[34].WHIP] -> whip
[contents[35].    MISSILE WEAPONS] -> -
[contents[36].SLINGSHOT] -> slingshot
[contents[37].BOWS] -> bows
[contents[38].CROSSBOW] -> crossbow
[contents[39].ARBALEST] -> arbalest
[contents[41].SWIFT & SPRINGSHOT AMMO] -> swift and springshot ammo
[contents[42].SILVER & PIERCING AMMO] -> silver and piercing ammo
[contents[43].FIRE & HUNTING AMMO] -> fire and hunting ammo
[contents[44].CRYSTAL AMMO] -> crystal ammo
[contents[45].    THROWING WEAPONS] -> -
[contents[46].TOMAHAWKS & DAGGERS] -> tomahawks & daggers
[contents[47].CHAKRAMS & SHURIKENS] -> chakrams and shurikens
[contents[48].BOOMERANG] -> boomerang
[contents[50].SLUDGE BALLS] -> sludge balls
[contents[51].    CRYSTALS] -> -
[contents[52].ROCKS & GEMS] -> rocks & gems
[contents[53].CRYSTAL SHARD] -> crystal shard
[contents[54].MYSTIC ORB] -> mystic orb
[contents[55].    FOOD] -> -
[contents[56].MORSELS] -> cheese and apples
[contents[57].CREAM PIE] -> cream pie
[contents[58].TOMALLEY] -> tomalley
[contents[59].MEALS] -> meat, fish, and bread
[contents[60].RATIONS] -> rations
[contents[61].TIN & TIN OPENER] -> tin and tin opener
[contents[62].BLOOD VIALS] -> blood vials
[contents[63].    POTIONS & DRINKS] -> -
[contents[64].WATER] -> water
[contents[65].EMPTY BOTTLE] -> empty bottle
[contents[66].DEFENSIVE POTIONS] -> defensive potions
[contents[67].OFFENSIVE POTIONS] -> offensive potions
[contents[68].ALEMBIC] -> alembic
[contents[69].    TOOLS] -> -
[contents[70].TORCHES & LANTERNS] -> torch and lantern
[contents[71].MIRRORS] -> mirrors
[contents[72].TOWEL] -> towel
[contents[73].MINING PICK] -> mining pick
[contents[74].TINKERING KIT] -> tinkering kit
[contents[75].FRYPAN] -> frypan
[contents[76].LOCKPICK] -> lockpick
[contents[77].KEYS] -> keys
[contents[78].SKELETON KEY] -> skeleton key
[contents[79].    GADGETS] -> -
[contents[80].BEARTRAP] -> beartrap
[contents[81].NOISEMAKER] -> noisemaker
[contents[82].DUMMYBOT] -> dummybot
[contents[83].SENTRY BOT & SPELLBOT] -> sentrybot and magic sentry
[contents[84].GYROBOT] -> gyrobot
[contents[85].TINKERED TRAPS] -> tinkered traps
[contents[86].TELEPORTATION TRAP] -> teleportation trap
[contents[87].    OTHER] -> -
[contents[88].MAIL & LORE BOOKS] -> mail & lore books
[contents[89].DEATH BOX] -> death box
[contents[90].DUCK] -> duck
[contents_alphabetical[0].ALEMBIC] -> alembic
[contents_alphabetical[1].ARBALEST] -> arbalest
[contents_alphabetical[2].AXES] -> axes
[contents_alphabetical[3].BACKPACKS] -> backpacks
[contents_alphabetical[4].BEARTRAP] -> beartrap
[contents_alphabetical[5].BLOOD VIALS] -> blood vials
[contents_alphabetical[6].BOLAS] -> bolas
[contents_alphabetical[7].BOOMERANG] -> boomerang
[contents_alphabetical[8].BOWS] -> bows
[contents_alphabetical[9].CHAIN ARMOR] -> chain armor
[contents_alphabetical[10].CHAKRAMS & SHURIKENS] -> chakrams and shurikens
[contents_alphabetical[11].CLOAKS & CLOTHING] -> cloaks & clothing
[contents_alphabetical[12].CREAM PIE] -> cream pie
[contents_alphabetical[13].CROSSBOW] -> crossbow
[contents_alphabetical[14].CROWNS & HEADDRESSES] -> crowns & headdresses
[contents_alphabetical[15].CRYSTAL AMMO] -> crystal ammo
[contents_alphabetical[16].CRYSTAL ARMOR] -> crystal armor
[contents_alphabetical[17].CRYSTAL SHARD] -> crystal shard
[contents_alphabetical[18].DARTS & PLUMBATA] -> darts and plumbata
[contents_alphabetical[19].DEATH BOX] -> death box
[contents_alphabetical[20].DEFENSIVE POTIONS] -> defensive potions
[contents_alphabetical[21].DJINNI'S BRACE] -> djinnis brace
[contents_alphabetical[22].DRAGON'S MAIL] -> dragons mail
[contents_alphabetical[23].DUCK] -> duck
[contents_alphabetical[24].DUMMYBOT] -> dummybot
[contents_alphabetical[25].DYRNWYN] -> dyrnwyn
[contents_alphabetical[26].EMPTY BOTTLE] -> empty bottle
[contents_alphabetical[27].FACE ACCESSORIES] -> face accessories
[contents_alphabetical[28].FIRE & HUNTING AMMO] -> fire and hunting ammo
[contents_alphabetical[29].FIST WEAPONS] -> fist weapons
[contents_alphabetical[30].FLAILS] -> flails
[contents_alphabetical[31].FRYPAN] -> frypan
[contents_alphabetical[32].GREATSWORDS] -> greatswords
[contents_alphabetical[33].GUNGNIR] -> gungnir
[contents_alphabetical[34].GYROBOT] -> gyrobot
[contents_alphabetical[35].HATS & HOODS] -> hats & hoods
[contents_alphabetical[36].IRON ARMOR] -> iron armor
[contents_alphabetical[37].KEYS] -> keys
[contents_alphabetical[38].KHRYSELAKATOS] -> khryselakatos
[contents_alphabetical[39].LEATHER ARMOR] -> leather armor
[contents_alphabetical[40].LOCKPICK] -> lockpick
[contents_alphabetical[41].MACES] -> maces
[contents_alphabetical[42].MAIL & LORE BOOKS] -> mail & lore books
[contents_alphabetical[43].MASKS & VISORS] -> masks & visors
[contents_alphabetical[44].MEALS] -> meat, fish, and bread
[contents_alphabetical[45].MINING PICK] -> mining pick
[contents_alphabetical[46].MIRRORS] -> mirrors
[contents_alphabetical[47].MORSELS] -> cheese and apples
[contents_alphabetical[48].MYSTIC ORB] -> mystic orb
[contents_alphabetical[49].NOISEMAKER] -> noisemaker
[contents_alphabetical[50].OFFENSIVE POTIONS] -> offensive potions
[contents_alphabetical[51].ORACLE'S TREADS] -> oracles treads
[contents_alphabetical[52].PARASHU] -> parashu
[contents_alphabetical[53].POLEARMS] -> polearms
[contents_alphabetical[54].QUILTED ARMOR] -> quilted armor
[contents_alphabetical[55].RAPIER] -> rapier
[contents_alphabetical[56].RATIONS] -> rations
[contents_alphabetical[57].ROCKS & GEMS] -> rocks & gems
[contents_alphabetical[58].SENTRY BOT & SPELLBOT] -> sentrybot and magic sentry
[contents_alphabetical[59].SHARUR] -> sharur
[contents_alphabetical[60].SHIELDS] -> shields
[contents_alphabetical[61].SHILLELAGH] -> shillelagh
[contents_alphabetical[62].SILVER & PIERCING AMMO] -> silver and piercing ammo
[contents_alphabetical[63].SKELETON KEY] -> skeleton key
[contents_alphabetical[64].SLINGSHOT] -> slingshot
[contents_alphabetical[65].SPHINX'S CASQUE] -> sphinxs casque
[contents_alphabetical[66].STEEL ARMOR] -> steel armor
[contents_alphabetical[67].SWIFT & SPRINGSHOT AMMO] -> swift and springshot ammo
[contents_alphabetical[68].SWORDS] -> swords
[contents_alphabetical[69].TELEPORTATION TRAP] -> teleportation trap
[contents_alphabetical[70].TIN & TIN OPENER] -> tin and tin opener
[contents_alphabetical[71].TINKERED TRAPS] -> tinkered traps
[contents_alphabetical[72].TINKERING KIT] -> tinkering kit
[contents_alphabetical[73].TOMAHAWKS & DAGGERS] -> tomahawks & daggers
[contents_alphabetical[74].TOMALLEY] -> tomalley
[contents_alphabetical[75].TORCHES & LANTERNS] -> torch and lantern
[contents_alphabetical[76].TOWEL] -> towel
[contents_alphabetical[77].WATER] -> water
[contents_alphabetical[78].WHIP] -> whip
[contents_alphabetical[79].WRAITH'S GOWN] -> wraiths gown

📂 ARCHIVO: lang/compendium_lang/contents_magic.json
---------------------------------------------------------------------------
[contents[0].    MAGIC ITEMS] -> -
[contents[1].MAGICSTAFFS] -> magicstaffs
[contents[2].SCEPTER] -> scepter
[contents[3].SOURCE FOCI] -> source_foci
[contents[4].HOLY SYMBOLS] -> holy_symbols
[contents[5].DARK ICONS] -> dark_icons
[contents[6].MUSICAL INSTRUMENTS] -> instruments
[contents[7].ENCHANTED RINGS] -> enchanted rings
[contents[8].ENCHANTED AMULETS] -> enchanted amulets
[contents[9].JEWELS] -> jewels
[contents[10].    ARCANA] -> -
[contents[11].SCROLLS] -> scrolls
[contents[12].ENCHANTED FEATHER] -> enchanted feather
[contents[13].    SORCERY] -> -
[contents[14].EVOCATION] -> evocation
[contents[15].CONTRAVENTION] -> contravention
[contents[16].KINESIS] -> kinesis
[contents[17].TEMULTURGY] -> temulturgy
[contents[18].    THAUMATURGY] -> -
[contents[19].BLESSINGS] -> blessings
[contents[20].DIVINATIONS] -> divinations
[contents[21].MIRACULOUS FEATS] -> miraculous feats
[contents[22].MEDITATIONS] -> meditations
[contents[23].    MYSTICISM] -> -
[contents[24].SARKOMANCY] -> sarkomancy
[contents[25].PSIANIMUS] -> psianimus
[contents_alphabetical[0].SCEPTER] -> scepter
[contents_alphabetical[1].BLESSINGS] -> blessings
[contents_alphabetical[2].CONTRAVENTION] -> contravention
[contents_alphabetical[4].DARK ICONS] -> dark_icons
[contents_alphabetical[5].DIVINATIONS] -> divinations
[contents_alphabetical[6].ENCHANTED AMULETS] -> enchanted amulets
[contents_alphabetical[7].ENCHANTED FEATHER] -> enchanted feather
[contents_alphabetical[8].ENCHANTED RINGS] -> enchanted rings
[contents_alphabetical[9].EVOCATION] -> evocation
[contents_alphabetical[10].HOLY SYMBOLS] -> holy_symbols
[contents_alphabetical[11].IMPETURIA] -> impeturia
[contents_alphabetical[12].JEWELS] -> jewels
[contents_alphabetical[13].KINESIS] -> kinesis
[contents_alphabetical[14].MAGICSTAFFS] -> magicstaffs
[contents_alphabetical[15].MEDITATIONS] -> meditations
[contents_alphabetical[16].MIRACULOUS FEATS] -> miraculous feats
[contents_alphabetical[17].MUSICAL INSTRUMENTS] -> instruments
[contents_alphabetical[18].PSIANIMUS] -> psianimus
[contents_alphabetical[19].SARKOMANCY] -> sarkomancy
[contents_alphabetical[20].SCROLLS] -> scrolls
[contents_alphabetical[21].SOURCE FOCI] -> source_foci
[contents_alphabetical[22].TEMULTURGY] -> temulturgy

📂 ARCHIVO: lang/compendium_lang/contents_monsters.json
---------------------------------------------------------------------------
[contents[0].    HUMANOIDS] -> -
[contents[1].HUMANS] -> human
[contents[3].THE POTATO KING] -> potato king
[contents[4].GNOME] -> gnome
[contents[5].GNOME THIEF] -> gnome thief
[contents[6].SHOPKEEPER] -> shopkeeper
[contents[7].MYSTERIOUS MERCHANT] -> mysterious shop
[contents[8].    BEASTS] -> -
[contents[9].RAT] -> rat
[contents[10].ALGERNON] -> algernon
[contents[11].BAT] -> bat
[contents[12].SPIDER] -> spider
[contents[13].CRAB] -> crab
[contents[14].SHELOB] -> shelob
[contents[15].BUBBLES] -> bubbles
[contents[16].TROLL] -> troll
[contents[17].THUMPUS] -> thumpus
[contents[18].SCORPION] -> scorpion
[contents[20].SCARAB] -> scarab
[contents[21].XYGGI] -> xyggi
[contents[22].COCKATRICE] -> cockatrice
[contents[24].    BEASTFOLK] -> -
[contents[25].INSECTOID] -> insectoid
[contents[26].BUGBEAR] -> bugbear
[contents[28].GOATMAN] -> goatman
[contents[29].GHARBAD] -> gharbad
[contents[30].    UNDEAD] -> -
[contents[31].GHOST] -> ghost
[contents[32].SKELETON] -> skeleton
[contents[33].FUNNY BONES] -> funny bones
[contents[34].GHOULS] -> ghoul
[contents[35].CORAL GRIMES] -> coral grimes
[contents[36].ENSLAVED GHOULS] -> enslaved ghoul
[contents[37].REVENANT SKULL] -> revenant_skull
[contents[38].VAMPIRE] -> vampire
[contents[40].SHADOW] -> shadow
[contents[41].ARTEMISIA] -> artemisia
[contents[42].BARATHEON] -> baratheon
[contents[43].BARON HERX] -> lich
[contents[44].ERUDYCE] -> lichice
[contents[45].ORPHEUS] -> lichfire
[contents[46].    DEMONICS] -> -
[contents[47].SUCCUBUS] -> succubus
[contents[48].LILITH] -> lilith
[contents[49].SUCCUBUS CONSORTS] -> bram succubi
[contents[50].INCUBUS] -> incubus
[contents[51].IMP] -> imp
[contents[53].DEU DE'BREAU] -> deudebreau
[contents[54].BAPHOMET] -> devil
[contents[55].    CONSTRUCTS] -> -
[contents[56].AUTOMATON] -> automaton
[contents[57].CRYSTAL GOLEM] -> crystalgolem
[contents[58].SENTRYBOT] -> sentrybot
[contents[59].SPELLBOT] -> spellbot
[contents[60].DUMMYBOT] -> dummybot
[contents[61].MIMIC] -> mimic
[contents[62].    ELEMENTALS] -> -
[contents[63].SLIMES] -> slime
[contents[64].EARTH SPRITE] -> earth_elemental
[contents_alphabetical[0].ALGERNON] -> algernon
[contents_alphabetical[1].ARTEMISIA] -> artemisia
[contents_alphabetical[2].AUTOMATON] -> automaton
[contents_alphabetical[3].BAPHOMET] -> devil
[contents_alphabetical[4].BARATHEON] -> baratheon
[contents_alphabetical[5].BARON HERX] -> lich
[contents_alphabetical[6].BAT] -> bat
[contents_alphabetical[7].BRAM KINDLY] -> bram kindly
[contents_alphabetical[8].BUBBLES] -> bubbles
[contents_alphabetical[9].BUGBEAR] -> bugbear
[contents_alphabetical[10].COCKATRICE] -> cockatrice
[contents_alphabetical[11].CORAL GRIMES] -> coral grimes
[contents_alphabetical[12].CRAB] -> crab
[contents_alphabetical[13].CRYSTAL GOLEM] -> crystalgolem
[contents_alphabetical[14].DEMON] -> demon
[contents_alphabetical[15].DEU DE'BREAU] -> deudebreau
[contents_alphabetical[16].DUMMYBOT] -> dummybot
[contents_alphabetical[17].EARTH SPRITE] -> earth sprite
[contents_alphabetical[18].ENSLAVED GHOULS] -> enslaved ghoul
[contents_alphabetical[19].ERUDYCE] -> lichice
[contents_alphabetical[20].FUNNY BONES] -> funny bones
[contents_alphabetical[21].GHARBAD] -> gharbad
[contents_alphabetical[22].GHOST] -> ghost
[contents_alphabetical[23].GHOULS] -> ghoul
[contents_alphabetical[24].GNOME] -> gnome
[contents_alphabetical[25].GNOME THIEF] -> gnome thief
[contents_alphabetical[26].GOATMAN] -> goatman
[contents_alphabetical[27].GOBLIN] -> goblin
[contents_alphabetical[28].HUMANS] -> human
[contents_alphabetical[29].IMP] -> imp
[contents_alphabetical[30].INCUBUS] -> incubus
[contents_alphabetical[31].INSECTOID] -> insectoid
[contents_alphabetical[32].KOBOLD] -> kobold
[contents_alphabetical[33].LILITH] -> lilith
[contents_alphabetical[34].MIMIC] -> mimic
[contents_alphabetical[35].MINOTAUR] -> minotaur
[contents_alphabetical[36].MYSTERIOUS MERCHANT] -> mysterious shop
[contents_alphabetical[37].ORPHEUS] -> lichfire
[contents_alphabetical[38].RAT] -> rat
[contents_alphabetical[39].REVENANT SKULL] -> revenant_skull
[contents_alphabetical[40].SCARAB] -> scarab
[contents_alphabetical[41].SCORPION] -> scorpion
[contents_alphabetical[42].SENTRYBOT] -> sentrybot
[contents_alphabetical[43].SHADOW] -> shadow
[contents_alphabetical[44].SHELOB] -> shelob
[contents_alphabetical[45].SHOPKEEPER] -> shopkeeper
[contents_alphabetical[46].SKELETON] -> skeleton
[contents_alphabetical[47].SKRABBLAG] -> skrabblag
[contents_alphabetical[48].SLIMES] -> slime
[contents_alphabetical[49].SPELLBOT] -> spellbot
[contents_alphabetical[50].SPIDER] -> spider
[contents_alphabetical[51].SUCCUBUS CONSORTS] -> bram succubi
[contents_alphabetical[52].SUCCUBUS] -> succubus
[contents_alphabetical[53].THE POTATO KING] -> potato king
[contents_alphabetical[54].THUMPUS] -> thumpus
[contents_alphabetical[55].TROLL] -> troll
[contents_alphabetical[56].VAMPIRE] -> vampire
[contents_alphabetical[57].XYGGI] -> xyggi

📂 ARCHIVO: lang/compendium_lang/contents_world.json
---------------------------------------------------------------------------
[contents[0].    FURNISHINGS] -> -
[contents[1].GATE] -> portcullis
[contents[2].LEVER] -> lever
[contents[3].BUTTON] -> button
[contents[4].WALL LOCKS] -> wall locks
[contents[5].DOOR] -> door
[contents[6].MURKY WATER] -> murky water
[contents[7].LAVA] -> lava
[contents[8].PITS] -> pits
[contents[9].CONTAINERS] -> containers
[contents[10].BREAKABLE BARRIERS] -> breakable barriers
[contents[11].    LOCATIONS] -> -
[contents[12].MINEHEAD] -> minehead
[contents[13].HALL OF TRIALS] -> hall of trials
[contents[14].LICH'S BASTION] -> herx lair
[contents[15].THE MOLTEN THRONE] -> molten throne
[contents[16].HAMLET] -> hamlet
[contents[17].TRANSITION FLOOR] -> transition floor
[contents[18].CITADEL SANCTUM] -> citadel sanctum
[contents[19].    DUNGEONS] -> -
[contents[20].MINES] -> mines
[contents[21].SWAMPS] -> swamps
[contents[22].LABYRINTH] -> labyrinth
[contents[23].UNDERWORLD] -> underworld
[contents[24].RUINS] -> ruins
[contents[25].HELL] -> hell
[contents[26].CRYSTAL CAVES] -> crystal caves
[contents[27].ARCANE CITADEL] -> arcane citadel
[contents[28].    STATIONS] -> -
[contents[29].SHOP] -> shop
[contents[30].SINK] -> sink
[contents[31].CAULDRON] -> cauldron
[contents[32].WORKBENCH] -> workbench
[contents[33].FOUNTAIN] -> fountain
[contents[34].CHEST] -> chest
[contents[35].GRAVESTONE] -> gravestone
[contents[36].ASSIST SHRINE] -> assist shrine
[contents[37].DAEDALUS SHRINE] -> daedalus
[contents[39].BELL] -> bell
[contents[40].    TRAPS] -> -
[contents[41].BOULDER TRAP] -> boulder trap
[contents[42].ARROW TRAP] -> arrow trap
[contents[43].SPIKE TRAP] -> spike trap
[contents[44].MAGIC TRAP] -> magic trap
[contents[45].SUMMONING TRAP] -> summoning trap
[contents[46].BRIMSTONE BOULDER] -> brimstone boulder
[contents[47].ARCANE BOULDER] -> arcane boulder
[contents[48].CEILING TRAP] -> ceiling trap
[contents[49].    SECRET PLACES] -> -
[contents[50].GNOMISH MINES] -> gnomish mines
[contents[51].MINETOWN] -> minetown
[contents[52].TEMPLE] -> temple
[contents[53].HAUNTED CASTLE] -> haunted castle
[contents[54].SOKOBAN] -> sokoban
[contents[55].MINOTAUR MAZE] -> minotaur maze
[contents[56].MYSTIC LIBRARY] -> mystic library
[contents[57].COCKATRICE LAIR] -> cockatrice lair
[contents[58].BRAM'S CASTLE] -> brams castle
[contents[59].    GUILD LORE] -> -
[contents[60].MERCHANTS' GUILD] -> merchants guild
[contents[61].MAGICIANS' GUILD] -> magicians guild
[contents[62].HUNTERS' GUILD] -> hunters guild
[contents[63].THE CHURCH] -> the church
[contents[64].MASONS' GUILD] -> masons guild
[contents_alphabetical[0].ARCANE BOULDER] -> arcane boulder
[contents_alphabetical[1].ARCANE CITADEL] -> arcane citadel
[contents_alphabetical[2].ARROW TRAP] -> arrow trap
[contents_alphabetical[3].ASSIST SHRINE] -> assist shrine
[contents_alphabetical[4].BELL] -> bell
[contents_alphabetical[5].BOULDER TRAP] -> boulder trap
[contents_alphabetical[6].BRAM'S CASTLE] -> brams castle
[contents_alphabetical[7].BREAKABLE BARRIERS] -> breakable barriers
[contents_alphabetical[8].BRIMSTONE BOULDER] -> brimstone boulder
[contents_alphabetical[9].BUTTON] -> button
[contents_alphabetical[10].CAULDRON] -> cauldron
[contents_alphabetical[11].CEILING TRAP] -> ceiling trap
[contents_alphabetical[12].CHEST] -> chest
[contents_alphabetical[13].CITADEL SANCTUM] -> citadel sanctum
[contents_alphabetical[14].COCKATRICE LAIR] -> cockatrice lair
[contents_alphabetical[15].CONTAINERS] -> containers
[contents_alphabetical[16].CRYSTAL CAVES] -> crystal caves
[contents_alphabetical[17].DAEDALUS SHRINE] -> daedalus
[contents_alphabetical[18].DOOR] -> door
[contents_alphabetical[19].FOUNTAIN] -> fountain
[contents_alphabetical[20].GATE] -> portcullis
[contents_alphabetical[21].GNOMISH MINES] -> gnomish mines
[contents_alphabetical[22].GRAVESTONE] -> gravestone
[contents_alphabetical[23].HALL OF TRIALS] -> hall of trials
[contents_alphabetical[24].HAMLET] -> hamlet
[contents_alphabetical[25].HAUNTED CASTLE] -> haunted castle
[contents_alphabetical[26].HELL] -> hell
[contents_alphabetical[27].HUNTERS' GUILD] -> hunters guild
[contents_alphabetical[28].LABYRINTH] -> labyrinth
[contents_alphabetical[29].LAVA] -> lava
[contents_alphabetical[30].LEVER] -> lever
[contents_alphabetical[31].LICH'S BASTION] -> herx lair
[contents_alphabetical[32].MAGIC TRAP] -> magic trap
[contents_alphabetical[33].MAGICIANS' GUILD] -> magicians guild
[contents_alphabetical[34].MASONS' GUILD] -> masons guild
[contents_alphabetical[35].MERCHANTS' GUILD] -> merchants guild
[contents_alphabetical[36].MINEHEAD] -> minehead
[contents_alphabetical[37].MINES] -> mines
[contents_alphabetical[38].MINETOWN] -> minetown
[contents_alphabetical[39].MINOTAUR MAZE] -> minotaur maze
[contents_alphabetical[40].MURKY WATER] -> murky water
[contents_alphabetical[41].MYSTIC LIBRARY] -> mystic library
[contents_alphabetical[42].OBELISK] -> obelisk
[contents_alphabetical[43].PITS] -> pits
[contents_alphabetical[44].RUINS] -> ruins
[contents_alphabetical[45].SHOP] -> shop
[contents_alphabetical[46].SINK] -> sink
[contents_alphabetical[47].SOKOBAN] -> sokoban
[contents_alphabetical[48].SPIKE TRAP] -> spike trap
[contents_alphabetical[49].SUMMONING TRAP] -> summoning trap
[contents_alphabetical[50].SWAMPS] -> swamps
[contents_alphabetical[51].TEMPLE] -> temple
[contents_alphabetical[52].THE CHURCH] -> the church
[contents_alphabetical[53].THE MOLTEN THRONE] -> molten throne
[contents_alphabetical[54].TRANSITION FLOOR] -> transition floor
[contents_alphabetical[55].UNDERWORLD] -> underworld
[contents_alphabetical[56].WALL LOCKS] -> wall locks
[contents_alphabetical[57].WORKBENCH] -> cauldron

📂 ARCHIVO: lang/compendium_lang/lang_codex.json
---------------------------------------------------------------------------
[ac.blurb[0]] -> ARMOR CLASS (AC) reduces incoming physical
[ac.blurb[1]] -> attack damage by 1 for each point, up to a
[ac.blurb[2]] -> maximum of 75% of the total attack damage.
[ac.blurb[3]] -> While blocking, AC can reduce
[ac.blurb[4]] -> up to 100% physical damage.
[ac.details[0]] -> Stacking as much AC as possible may
[ac.details[1]] -> make an adventurer feel virtually
[ac.details[2]] -> impervious to attack, which is certainly
[ac.details[3]] -> a big advantage.
[ac.details[5]] -> However, the danger of most traps,
[ac.details[6]] -> magic, and status effects remain
[ac.details[7]] -> unimpeded by AC. Some enemy weapons
[ac.details[8]] -> are also designed specifically to
[ac.details[9]] -> penetrate armor.
[ac.details[11]] -> It is wise not to neglect AC, but
[ac.details[12]] -> take care not to be overconfident!
[alchemy skill.blurb[0]] -> With the aid of an alembic, alchemists can
[alchemy skill.blurb[1]] -> brew many kinds of potions, such as the
[alchemy skill.blurb[2]] -> unstable potions, which scale in power with
[alchemy skill.blurb[3]] -> skill. Drinking and throwing potions also
[alchemy skill.blurb[4]] -> practices the skill.
[alchemy skill.details[0]] -> While some skill can be gained by
[alchemy skill.details[1]] -> drinking and throwing potions, alchemy
[alchemy skill.details[2]] -> skill is truly practiced using an
[alchemy skill.details[3]] -> alembic.
[alchemy skill.details[5]] -> Combine any primary ingredient with a
[alchemy skill.details[6]] -> secondary ingredient to form a recipe.
[alchemy skill.details[7]] -> Each recipe learned improves skill.
[alchemy skill.details[9]] -> Keep empty bottles and tap sinks for
[alchemy skill.details[10]] -> healthy supplies of water for use in
[alchemy skill.details[11]] -> duplication, providing more chances
[alchemy skill.details[12]] -> to solve problems with potions.
[lore skill.blurb[0]] -> While any adventurer can see what an
[lore skill.blurb[1]] -> item is just by looking at it, skill in LORE
[lore skill.blurb[2]] -> can reveal important magical details.
[lore skill.blurb[3]] -> The more valuable the item, the more
[lore skill.blurb[4]] -> challenging it is to appraise.
[lore skill.blurb[5]] -> Skilled loremasters are great with song.
[lore skill.details[0]] -> As adventurers grow in Lore skill,
[lore skill.details[1]] -> manually managing which items are
[lore skill.details[2]] -> selected for appraisal can become
[lore skill.details[3]] -> more important. Higher value items
[lore skill.details[4]] -> may take much more time to identify.
[lore skill.details[5]] -> Focus on items that may be of actual
[lore skill.details[6]] -> use and discard the rest to spend
[lore skill.details[7]] -> less time fiddling with inventory.
[lore skill.details[9]] -> A few classes start with poor ability
[lore skill.details[10]] -> to appraise, thanks to very poor
[lore skill.details[11]] -> perception. Using unidentified potions
[lore skill.details[12]] -> or scrolls may yield an increase to
[lore skill.details[13]] -> lore skill, up to Basic (20) skill.
[axe skill.blurb[0]] -> A hefty axe provides bonus ATK on wooden
[axe skill.blurb[1]] -> objects, useful for breaking an obstacle in
[axe skill.blurb[2]] -> an emergency such as a locked door or
[axe skill.blurb[3]] -> stray mimic.
[axe skill.blurb[4]] -> A legend in AXE SKILL always causes foes
[axe skill.blurb[5]] -> to slow when dealing a legendary strike.
[axe skill.details[0]] -> Axes are a reliable, if unspecialized
[axe skill.details[1]] -> choice, with few enemies that can resist
[axe skill.details[2]] -> its hefty blade substantially.
[axe skill.details[4]] -> Its hacking power provides an extra
[axe skill.details[5]] -> point of guaranteed damage, making
[axe skill.details[6]] -> it great for general slaying, and
[axe skill.details[7]] -> chipping away at armored foes.
[backstabs.blurb[0]] -> To backstab an enemy, attack them in
[backstabs.blurb[1]] -> melee from behind while they are unaware
[backstabs.blurb[2]] -> of any threats, dealing greater damage.
[backstabs.blurb[3]] -> If the enemy is slain with this strike,
[backstabs.blurb[4]] -> it counts as an assassination!
[backstabs.details[0]] -> You can flee from a tougher fight,
[backstabs.details[1]] -> and then return to your prey after
[backstabs.details[2]] -> it has lost sight of you. Doing so gives
[backstabs.details[3]] -> you another chance to deal backstab
[backstabs.details[4]] -> damage and assassinate enemies
[backstabs.details[5]] -> whose health pool might otherwise be
[backstabs.details[6]] -> too large to cope with in a single bout.
[backstabs.details[8]] -> Consider using quickturn for the
[backstabs.details[9]] -> fastest possible escape!
[blocking.blurb[0]] -> When holding a shield or torch in their
[blocking.blurb[1]] -> off-hand, adventurers can deflect
[blocking.blurb[2]] -> incoming physical attacks, but the item
[blocking.blurb[3]] -> may be damaged. Higher skill improves
[blocking.blurb[4]] -> the amount of damage deflected.
[blocking.details[0]] -> While blocking, an adventurer can
[blocking.details[1]] -> fend off attacks from all sides.
[blocking.details[2]] -> If you decide you need to run, a
[blocking.details[3]] -> behind-the-back block can save your
[blocking.details[4]] -> life while you're retreating!
[blocking.details[6]] -> While usually it's a good idea to
[blocking.details[7]] -> block every melee attack, continuing
[blocking.details[8]] -> an assault and soaking an unblocked
[blocking.details[9]] -> hit may result in less overall damage.
[blocking.details[11]] -> Remember, AC doesn't block spell
[blocking.details[12]] -> damage, so only block against magic
[blocking.details[13]] -> if your shield has special properties.
[blocking skill.blurb[0]] -> BLOCKING SKILL provides additional armor
[blocking skill.blurb[1]] -> when wielding a shield, even when not
[blocking skill.blurb[2]] -> blocking. Legends in blocking skill can
[blocking skill.blurb[3]] -> deflect blows without degrading the item
[blocking skill.blurb[4]] -> used for blocking.
[blocking skill.details[0]] -> When seeking to improve your blocking
[blocking skill.details[1]] -> ability, the key is practice.
[blocking skill.details[3]] -> Avoid quick kills and carry backup
[blocking skill.details[4]] -> shields so that you can block as many
[blocking skill.details[5]] -> times as possible before vanquishing a
[blocking skill.details[6]] -> foe, without endangering yourself.
[blocking skill.details[8]] -> Training block skill with a torch can
[blocking skill.details[9]] -> only carry an adventurer to a max
[blocking skill.details[10]] -> skill of 40. After that, a shield is
[blocking skill.details[11]] -> needed to advance.
[chr.blurb[0]] -> Each point in CHARISMA (CHR) improves the
[chr.blurb[1]] -> trading rates with shopkeepers. It also
[chr.blurb[2]] -> improves follower speed, leadership skill,
[chr.blurb[3]] -> and charisma-based spells.
[chr.details[0]] -> Rather than putting one's self in
[chr.details[1]] -> harm's way, an adventurer with high
[chr.details[2]] -> CHARISMA has options for letting
[chr.details[3]] -> somebody else do the dirty work.
[chr.details[5]] -> The patron stat of the leadership skill,
[chr.details[6]] -> high CHR can offset inexperience,
[chr.details[7]] -> empowering early access to follower
[chr.details[8]] -> commands, and stronger charm spells.
[chr.details[10]] -> Also improving the trade skill, one
[chr.details[11]] -> should not underestimate the value of
[chr.details[12]] -> striking better deals with shops.
[chr.details[13]] -> Gaining early access to a shopkeeper's
[chr.details[14]] -> private stock can mean the difference
[chr.details[15]] -> between a great adventure and a
[chr.details[16]] -> desperate one.
[class.blurb[0]] -> A character's class determines their
[class.blurb[1]] -> starting skills, HP and MP/EN/ST,
[class.blurb[2]] -> equipment and spells, stats, and the
[class.blurb[3]] -> likelihood of each stat increasing
[class.blurb[4]] -> upon level up.
[class.details[0]] -> While most adventurers find success
[class.details[1]] -> playing to their strengths, some do
[class.details[2]] -> well by rounding out their weaknesses.
[class.details[4]] -> Resourcefulness may be more
[class.details[5]] -> important than raw ability, depending
[class.details[6]] -> on the situation.
[class.details[8]] -> When forming a party, work together
[class.details[9]] -> to select classes that will cover
[class.details[10]] -> one-another's weaknesses, or
[class.details[11]] -> enhance shared strengths.
[classes list.blurb[0]] -> Adventurers can adapt as they progress,
[classes list.blurb[1]] -> adopting skills and using equipment as
[classes list.blurb[2]] -> the dungeon's challenges may demand.
[classes list.blurb[3]] -> Still, class choice is essential to a
[classes list.blurb[4]] -> strong start, and ongoing growth.
[con.blurb[0]] -> Each point of CONSTITUTION (CON) adds
[con.blurb[1]] -> natural armor (AC). Those with high
[con.blurb[2]] -> constitution may recover from negative
[con.blurb[3]] -> status effects more quickly and restore
[con.blurb[4]] -> more health when healed.
[con.details[0]] -> Classes with strong CON growth may
[con.details[1]] -> find themselves able to make
[con.details[2]] -> equipment decisions based on benefits
[con.details[3]] -> without depending on AC added.
[con.details[5]] -> Those with low AC may prefer to
[con.details[6]] -> prioritize armor and protection
[con.details[7]] -> effects.
[con.details[9]] -> In both cases, AC remains important
[con.details[10]] -> for making sure you don't take too
[con.details[11]] -> much damage when struck by physical
[con.details[12]] -> attacks by foes.
[crits.blurb[0]] -> When making a melee attack, charge an
[crits.blurb[1]] -> attack until your arm begins to shake with
[crits.blurb[2]] -> tension. Releasing the attack at any point
[crits.blurb[3]] -> after that will result in a CRITICAL STRIKE,
[crits.blurb[4]] -> dealing additional damage!
[crits.details[0]] -> Your attack gains the benefit of a
[crits.details[1]] -> critical strike the instant your
[crits.details[2]] -> weapon begins to shake.
[crits.details[4]] -> Time your release to match your
[crits.details[5]] -> approach to the target. This is even
[crits.details[6]] -> more effective if the enemy's back
[crits.details[7]] -> is turned.
[crits.details[9]] -> It's not usually a good idea to
[crits.details[10]] -> continue performing critical strikes
[crits.details[11]] -> in the middle of a fight.
[dex.blurb[0]] -> Each point of DEXTERITY (DEX) improves
[dex.blurb[1]] -> an adventurer's potential movement speed,
[dex.blurb[2]] -> and enhances ranged attack (ATK) power.
[dex.details[0]] -> While every character may benefit
[dex.details[1]] -> from increased movement speed,
[dex.details[2]] -> characters who prefer to use ranged
[dex.details[3]] -> attacks will benefit from DEX the most.
[dex.details[5]] -> Dexterity improves ranged attacks,
[dex.details[6]] -> but improved speed also complements
[dex.details[7]] -> skirmishing. A fast adventurer can
[dex.details[8]] -> more easily stay out of enemy range,
[dex.details[9]] -> outrun traps, and dodge projectiles
[dex.details[10]] -> slung by foes.
[dex.details[12]] -> When you need to stay light on
[dex.details[13]] -> your feet DEX is essential!
[equipment degradation.blurb[0]] -> Most items have a chance to degrade upon
[equipment degradation.blurb[1]] -> use, whether taking a hit in armor,
[equipment degradation.blurb[2]] -> expending a charge on a magic item, or
[equipment degradation.blurb[3]] -> attacking with a weapon. Degraded items
[equipment degradation.blurb[4]] -> may perform worse than pristine ones.
[equipment degradation.details[0]] -> Opportunities to repair equipment
[equipment degradation.details[1]] -> may be rare or expensive, and
[equipment degradation.details[2]] -> equipment breakage during the
[equipment degradation.details[3]] -> middle of a fight can be deadly.
[equipment degradation.details[5]] -> Replacing your equipment regularly
[equipment degradation.details[6]] -> with items that are in better condition
[equipment degradation.details[7]] -> is usually a good idea.
[equipment degradation.details[9]] -> While tinkerers aren't blacksmiths,
[equipment degradation.details[10]] -> those who are very skilled may be
[equipment degradation.details[11]] -> able to patch up items for a cost.
[equipment degradation.details[12]] -> Scrolls of repair, though rare, are
[equipment degradation.details[13]] -> more reliable for most adventurers.
[flanking.blurb[0]] -> If an enemy is preoccupied in combat
[flanking.blurb[1]] -> against another foe, they have a harder
[flanking.blurb[2]] -> time defending themselves! Attack from
[flanking.blurb[3]] -> behind to gain additional flanking damage.
[flanking.details[0]] -> While a foe is focused on somebody
[flanking.details[1]] -> else, striking rapidly may be the
[flanking.details[2]] -> best way to bring down your target,
[flanking.details[3]] -> taking full advantage of extra
[flanking.details[4]] -> flanking damage.
[flanking.details[6]] -> Fighting solo, don't expect many
[flanking.details[7]] -> opportunities to flank. But when
[flanking.details[8]] -> adventuring with allies or followers,
[flanking.details[9]] -> one member of the party may very
[flanking.details[10]] -> often be gaining flanking benefits!
[hp.blurb[0]] -> HEALTH POINTS (HP) measure a denizen's
[hp.blurb[1]] -> vitality, with each point of damage
[hp.blurb[2]] -> removing 1 HP, and each point of healing
[hp.blurb[3]] -> restoring 1 HP. A denizen is slain when
[hp.blurb[4]] -> their HP is reduced to 0 or fewer.
[hp.details[0]] -> While a denizen's maximum HP increases
[hp.details[1]] -> substantially over the course of an
[hp.details[2]] -> adventure as they level up, their HP
[hp.details[3]] -> regeneration rate generally will not.
[hp.details[5]] -> As a result, it is important to continue
[hp.details[6]] -> minimizing HP loss in encounters and
[hp.details[7]] -> acquire means of HP restoration to
[hp.details[8]] -> recover from larger scrapes.
[int.blurb[0]] -> Each point of INTELLIGENCE (INT) improves
[int.blurb[1]] -> magic power and MP regeneration by a
[int.blurb[2]] -> percentage. It also contributes to magic
[int.blurb[3]] -> skills, allowing more difficult spells to
[int.blurb[4]] -> be memorized.
[int.details[0]] -> INT is great for improving magic ability
[int.details[1]] -> generally, enhancing RGN and PWR, and
[int.details[2]] -> making it easier to learn spells.
[int.details[4]] -> However, choosing items that directly
[int.details[5]] -> increase RGN or PWR may yield better
[int.details[6]] -> results than raw INT for focused
[int.details[7]] -> spellcasters.
[leadership skill.blurb[0]] -> An untrained adventurer can still gather
[leadership skill.blurb[1]] -> four followers, but they won't be able to
[leadership skill.blurb[2]] -> command them to do much. Higher levels of
[leadership skill.blurb[3]] -> LEADERSHIP SKILL grants access to many
[leadership skill.blurb[4]] -> useful commands.
[leadership skill.details[0]] -> Summons and recruited followers can
[leadership skill.details[1]] -> become quite strong if nurtured.
[leadership skill.details[2]] -> Allow them to get the last hit on
[leadership skill.details[3]] -> enemies, and you'll see their
[leadership skill.details[4]] -> confidence (and their levels) rise
[leadership skill.details[5]] -> dramatically!
[leadership skill.details[7]] -> Outfit them with ranged equipment,
[leadership skill.details[8]] -> keep healing spells on hand, and
[leadership skill.details[9]] -> distract / confuse enemies to keep
[leadership skill.details[10]] -> your loyal followers safe!
[leadership skill.details[12]] -> Wear a crown to inspire them further
[leadership skill.details[13]] -> with a variety of follower benefits.
[legendary strikes.blurb[0]] -> If an adventurer with LEGENDARY melee
[legendary strikes.blurb[1]] -> skill holds a critical strike until it
[legendary strikes.blurb[2]] -> releases on its own, they may gain an
[legendary strikes.blurb[3]] -> additional status effect against their
[legendary strikes.blurb[4]] -> victim. The effect depends on the weapon.
[legendary strikes.details[0]] -> Gaining enough skill points to reach
[legendary strikes.details[1]] -> legend in a melee skill may be tricky.
[legendary strikes.details[3]] -> If you are durable enough, avoid
[legendary strikes.details[4]] -> critical strikes so you can get more
[legendary strikes.details[5]] -> hits in, giving you more chances to
[legendary strikes.details[6]] -> increase your weapon skill.
[legendary strikes.details[8]] -> If legendary skill is developed, it
[legendary strikes.details[9]] -> may be available to save your life
[legendary strikes.details[10]] -> against the dungeon's fiercest foes.
[leveling up.blurb[0]] -> Whenever a character gains 100 XP,
[leveling up.blurb[1]] -> their level increases! When leveling
[leveling up.blurb[2]] -> up, every character receives the
[leveling up.blurb[3]] -> following: +5 Max HP, +5 Max MP,
[leveling up.blurb[4]] -> and an increase to 3 different stats.
[leveling up.details[0]] -> Each skill is based on a stat.
[leveling up.details[2]] -> If a stat increases upon leveling up,
[leveling up.details[3]] -> and skills associated with that stat
[leveling up.details[4]] -> have been practiced well, the increase
[leveling up.details[5]] -> may be for +2 points instead of +1.
[leveling up.details[7]] -> Use skills aligned with your class' stat
[leveling up.details[8]] -> growth to maximize your level-ups.
[mace skill.blurb[0]] -> Beating foes with a mace may break
[mace skill.blurb[1]] -> their armor more than with other weapons.
[mace skill.blurb[2]] -> A legend in MACE SKILL deals more damage
[mace skill.blurb[3]] -> and has a chance to inflict paralyze with
[mace skill.blurb[4]] -> a legendary strike.
[mace skill.details[0]] -> Don't be afraid to pick up and use a
[mace skill.details[1]] -> mace early in the dungeons, especially
[mace skill.details[2]] -> if you're using ranged weapons, magic,
[mace skill.details[3]] -> or swords.
[mace skill.details[5]] -> Its effectiveness at crushing undead
[mace skill.details[6]] -> may very well help you live long
[mace skill.details[7]] -> enough to become a master in other
[mace skill.details[8]] -> arts.
[melee.blurb[0]] -> Simply wield your fist or a melee weapon,
[melee.blurb[1]] -> such as a mace, spear, sword, or axe, and
[melee.blurb[2]] -> ATTACK! Fast strikes may allow an
[melee.blurb[3]] -> adventurer to slay a foe before it can
[melee.blurb[4]] -> respond with an attack of its own.
[melee.details[0]] -> A simple tap is enough to perform a
[melee.details[1]] -> full-strength melee strike.
[melee.details[3]] -> Only hold the attack longer if you
[melee.details[4]] -> need to time your strike, or if
[melee.details[5]] -> you're charging for a critical strike.
[melee.details[7]] -> When ambushing, adventurers often
[melee.details[8]] -> have time to follow-up a critical strike
[melee.details[9]] -> with one or two fast attacks. This is
[melee.details[10]] -> enough to finish off a lot of weaker
[melee.details[11]] -> enemies before they can even react.
[memorized.blurb[0]] -> Once memorized, spells can be readied
[memorized.blurb[1]] -> without the need for a spellbook.
[memorized.blurb[3]] -> MP, EN, and ST are consumed over the
[memorized.blurb[4]] -> course of the cast time, which will be
[memorized.blurb[5]] -> lost if the spell fizzles.
[memorized.details[0]] -> From your spell list, use the quickcast
[memorized.details[1]] -> option to immediately start casting the
[memorized.details[2]] -> spell without the need to equip it or
[memorized.details[3]] -> put it in your hotbar. For spells you
[memorized.details[4]] -> only need occasionally, this makes it
[memorized.details[5]] -> easier to keep essential spells ready.
[memorized.details[7]] -> Unless you want to use a book for
[memorized.details[8]] -> enhanced PWR, books can safely be
[memorized.details[9]] -> discarded or sold once a spell is
[memorized.details[10]] -> memorized. Be careful to avoid
[memorized.details[11]] -> reading cursed spellbooks, which will
[memorized.details[12]] -> result in forgetting a random spell!
[missiles.blurb[0]] -> Slingshots, crossbows, and bows fire
[missiles.blurb[1]] -> MISSILES when used to attack. These
[missiles.blurb[2]] -> weapons may take time to load before the
[missiles.blurb[3]] -> attack fires. Crossbows and bows can be
[missiles.blurb[4]] -> loaded with special ammo when it is
[missiles.blurb[5]] -> held in the off-hand.
[missiles.details[0]] -> Augment crossbows and bows with
[missiles.details[1]] -> special ammo to increase your
[missiles.details[2]] -> damage output and inflict debilitating
[missiles.details[3]] -> status effects on dangerous targets.
[missiles.details[5]] -> Enemies will always know where a
[missiles.details[6]] -> ranged weapon attack came from
[missiles.details[7]] -> when struck. Use this to lure your
[missiles.details[8]] -> foes where you want them.
[missiles.details[10]] -> Many foes are resistant to small
[missiles.details[11]] -> projectiles, but your ability to
[missiles.details[12]] -> hit-and-run will give you the time you
[missiles.details[13]] -> need to chip their HP down.
[mp.blurb[0]] -> Casting memorized spells, or spells from
[mp.blurb[1]] -> books, requires MAGIC POINTS (MP),
[mp.blurb[2]] -> ENERGY (EN), or STEAM (ST). Casters usually
[mp.blurb[3]] -> must have a quantity equal to or greater
[mp.blurb[4]] -> than the cost of the spell in order to cast.
[mp.details[0]] -> If MP seems too scarce, finish off foes
[mp.details[1]] -> that are close to death without magic.
[mp.details[2]] -> Save gold for shops, which may sell
[mp.details[3]] -> potions that restore magic points.
[mp.details[5]] -> VAMPIRE BLOOD MAGIC:
[mp.details[6]] -> Vampires can continue casting when
[mp.details[7]] -> their MP is empty, consuming HP
[mp.details[8]] ->  instead.
[mp.details[9]] -> Take care with channeled spells!
[mp.details[11]] -> AUTOMATON STEAM:
[mp.details[12]] -> Steam regeneration depends on the
[mp.details[13]] -> heat of the automaton's boiler. Some
[mp.details[14]] -> fuels can cause it to super-heat,
[mp.details[15]] -> resulting in rapid steam build-up. If a
[mp.details[16]] -> boiler is cold, steam will depressurize
[mp.details[17]] -> ultimately killing the automaton.
[mp.details[19]] -> INSECTOID ENERGY:
[mp.details[20]] -> Insectoids metabolize energy into
[mp.details[21]] -> magic, but can only eat so much.
[mp.details[22]] -> Their energy pool is capped and
[mp.details[23]] -> doesn't regenerate, but they can eat
[mp.details[24]] -> all foods to rapidly regain energy
[mp.details[25]] -> used in casting.
[mp.details[26]] -> Magic potions and fruit juice also
[mp.details[27]] -> restore lots of energy.
[per.blurb[0]] -> PERCEPTION (PER) improves visibility in
[per.blurb[1]] -> darkness and increases appraisal.
[per.blurb[3]] -> PER also increases the likelihood that
[per.blurb[4]] -> ranged attacks will pierce 50% of a
[per.blurb[5]] -> target's armor.
[per.details[0]] -> PER is essential for characters
[per.details[1]] -> focused on missile weapons, making
[per.details[2]] -> tough enemies more susceptible to
[per.details[3]] -> ranged attacks.
[per.details[5]] -> Tinkering and appraise skills also
[per.details[6]] -> benefit from a strong perception stat.
[per.details[8]] -> If you're struggling to appraise, a
[per.details[9]] -> little boost to PER can make all
[per.details[10]] -> the difference.
[polearm skill.blurb[0]] -> Polearms strikes are more accurate,
[polearm skill.blurb[1]] -> with reduced damage variance compared
[polearm skill.blurb[2]] -> to other melee skills of similar level.
[polearm skill.blurb[3]] -> A legend in POLEARM SKILL always causes
[polearm skill.blurb[4]] -> Knockback when dealing a legendary
[polearm skill.blurb[5]] -> strike.
[polearm skill.details[0]] -> The polearm is a popular choice for
[polearm skill.details[1]] -> many classes.
[polearm skill.details[3]] -> Due to its general effectiveness
[polearm skill.details[4]] -> against human-sized targets, it's
[polearm skill.details[5]] -> generally an all-around great
[polearm skill.details[6]] -> starter weapon.
[polearm skill.details[8]] -> Watch out for certain big monsters,
[polearm skill.details[9]] -> or tiny ones, who may be difficult to
[polearm skill.details[10]] -> skewer.
[pwr.blurb[0]] -> A denizen's MAGIC POWER (PWR) improves
[pwr.blurb[1]] -> the spells they cast by percentage,
[pwr.blurb[2]] -> increasing damage output, healing, or
[pwr.blurb[3]] -> status effect duration.
[pwr.details[0]] -> Some spells have a binary effect, and
[pwr.details[1]] -> as a result, PWR won't influence every
[pwr.details[2]] -> spell.
[pwr.details[4]] -> But for damaging and healing spells,
[pwr.details[5]] -> PWR is extremely useful, particularly
[pwr.details[6]] -> when casting from a blessed book.
[pwr.details[8]] -> Status effects may increase in
[pwr.details[9]] -> duration with improved PWR.
[races.blurb[0]] -> Humans aren't the only intelligent
[races.blurb[1]] -> creatures in the dungeons. RACES each
[races.blurb[2]] -> have their own friends and foes.
[races.blurb[3]] -> They also have starting abilities,
[races.blurb[4]] -> resistances, food preferences,
[races.blurb[5]] -> and penalties.
[races.details[0]] -> Most races can recruit their own kind.
[races.details[1]] -> While human shopkeepers will
[races.details[2]] -> attack threats on sight, salamanders,
[races.details[3]] -> myconids, dryads, gnomes, and
[races.details[4]] -> automatons are welcome in shops.
[races.details[6]] -> When selecting your race, use
[races.details[7]] -> the "Show Race Info" button to
[races.details[8]] -> reveal all strengths, weaknesses,
[races.details[9]] -> abilities, and allegiances.
[races.details[10]] -> To make the dungeons easier, pair
[races.details[11]] -> each race with a class that minimizes
[races.details[12]] -> the downsides, and doubles-down on
[races.details[13]] -> the benefits.
[ranged skill.blurb[0]] -> Pelting enemies with missiles may result
[ranged skill.blurb[1]] -> in penetrating their armor. Legendary
[ranged skill.blurb[2]] -> ranged skill allows an archer to use
[ranged skill.blurb[3]] -> missile weapons without degrading
[ranged skill.blurb[4]] -> their quality.
[ranged skill.details[0]] -> Using low-damage missile weapons like
[ranged skill.details[1]] -> the slingshot or short bow is a reliable
[ranged skill.details[2]] -> way to raise your skill, considering
[ranged skill.details[3]] -> how many shots it might take to bring
[ranged skill.details[4]] -> down an enemy.
[ranged skill.details[6]] -> However, the dungeons often won't be
[ranged skill.details[7]] -> generous, with few safe spaces to run
[ranged skill.details[8]] -> and kite.
[ranged skill.details[10]] -> Take care to ensure survival is your
[ranged skill.details[11]] -> top priority when training.
[res.blurb[0]] -> Magic damage ignores AC, but MAGIC RESIST
[res.blurb[1]] -> (RES) will reduce the amount of damage
[res.blurb[2]] -> taken by a percentage. The duration of
[res.blurb[3]] -> negative magic status effects is also
[res.blurb[4]] -> reduced.
[res.details[0]] -> Since AC won't reduce the damage
[res.details[1]] -> taken from spells, it's a good idea to
[res.details[2]] -> look for sources of magic resistance.
[res.details[4]] -> Magic reflect completely negates
[res.details[5]] -> magic projectiles, but comes at a cost.
[res.details[6]] -> Resistance, by comparison, is passive
[res.details[7]] -> and reliable.
[res.details[9]] -> Some races have a natural resistance
[res.details[10]] -> or vulnerability to magic attacks.
[rgn.blurb[0]] -> Most denizens regenerate over time,
[rgn.blurb[1]] -> restoring lost HP and MP. Increasing
[rgn.blurb[2]] -> REGENERATION (RGN) improves how fast
[rgn.blurb[3]] -> these are restored.
[rgn.details[0]] -> While HP and MP can be depleted very
[rgn.details[1]] -> rapidly, a little practice can help get
[rgn.details[2]] -> an adventurer comfortable with how
[rgn.details[3]] -> long they take to restore.
[rgn.details[5]] -> Explore, manage inventory, and stay
[rgn.details[6]] -> away from threats when you are
[rgn.details[7]] -> depleted, allowing you to benefit fully
[rgn.details[8]] -> from RGN.
[rgn.details[10]] -> Note that HP regen is disabled with
[rgn.details[11]] -> the hunger Game Setting turned off.
[skills.blurb[0]] -> Many actions that adventurers take will
[skills.blurb[1]] -> be modified by the level of their SKILLS.
[skills.blurb[3]] -> As they continue practicing, skills
[skills.blurb[4]] -> will increase organically, sometimes
[skills.blurb[5]] -> unlocking entirely new capabilities.
[skills.details[0]] -> A class' starting skills can be an
[skills.details[1]] -> excellent guide to how to most
[skills.details[2]] -> effectively succeed as that class.
[skills.details[4]] -> In some cases, classes have skills that
[skills.details[5]] -> they lack the equipment to use, which
[skills.details[6]] -> might motivate a hunt for certain
[skills.details[7]] -> items.
[skills.details[9]] -> Every skill has a new capability that's
[skills.details[10]] -> unlocked once the skill reaches
[skills.details[11]] -> legendary status (100).
[sneaking.blurb[0]] -> With nothing, or special ammo, held in the
[sneaking.blurb[1]] -> off-hand, an adventurer can creep slowly,
[sneaking.blurb[2]] -> making it harder for foes to detect them.
[sneaking.blurb[3]] -> Careful SNEAKING also makes it easier to
[sneaking.blurb[4]] -> see in the shadows.
[sneaking.details[0]] -> When feeling constantly beset or
[sneaking.details[1]] -> surprised by foes, consider how much
[sneaking.details[2]] -> light sources are exposing you.
[sneaking.details[4]] -> When taking advantage of darkness
[sneaking.details[5]] -> and sneaking, all but the most
[sneaking.details[6]] -> specialized hunters have a hard
[sneaking.details[7]] -> time finding a stealthy adventurer.
[spellbook casting.blurb[0]] -> Any adventurer can wield a spellbook
[spellbook casting.blurb[1]] -> in their off-hand and attempt to cast
[spellbook casting.blurb[2]] -> the spell within. Adventurers with high
[spellbook casting.blurb[3]] -> INT will gain an additional PWR bonus
[spellbook casting.blurb[4]] -> when casting from the book compared to
[spellbook casting.blurb[5]] -> casting from memory.
[spellbook casting.details[0]] -> Dedicated magicians may benefit from
[spellbook casting.details[1]] -> keeping their favorite attack spell
[spellbook casting.details[2]] -> at ready with a wielded spellbook.
[spellbook casting.details[4]] -> In addition to providing greater PWR,
[spellbook casting.details[5]] -> another memorized spell can also be
[spellbook casting.details[6]] -> readied, permitting immediate access
[spellbook casting.details[7]] -> to multiple magic solutions.
[spellbook casting.details[9]] -> Off-hand spellbooks can be blessed
[spellbook casting.details[10]] -> like any equipment, providing huge
[spellbook casting.details[11]] -> bonuses to the book's PWR. Use an
[spellbook casting.details[12]] -> enchanted feather to repair a
[spellbook casting.details[13]] -> spellbook you depend on!
[stats metastats.blurb[0]] -> Stats measure a character's capabilities
[stats metastats.blurb[1]] -> and are at the root of each skill. These
[stats metastats.blurb[2]] -> include STR, CON, DEX, INT, PER, CHR.
[stats metastats.blurb[3]] -> Metastats such as PWR, AC, RGN and ATK
[stats metastats.blurb[4]] -> are not raised directly by leveling up.
[stats metastats.details[0]] -> Each adventurer may find some stats
[stats metastats.details[1]] -> more essential than others. It's wise
[stats metastats.details[2]] -> to monitor your character sheet and
[stats metastats.details[3]] -> collect the kind of equipment that
[stats metastats.details[4]] -> benefits your most useful stats.
[stats metastats.details[6]] -> Pay attention to the skill sheet where
[stats metastats.details[7]] -> the governing stat is shown. High stats
[stats metastats.details[8]] -> can sometimes compensate for poor
[stats metastats.details[9]] -> skill.
[stats metastats.details[11]] -> Metastats are not based on level or
[stats metastats.details[12]] -> class but are instead a combination of
[stats metastats.details[13]] -> stats, skills, levels, and equipment.
[stealth skill.blurb[0]] -> High STEALTH SKILL makes it easier to hide
[stealth skill.blurb[1]] -> from foes and improves the damage caused
[stealth skill.blurb[2]] -> by backstabs and flanking strikes.
[stealth skill.blurb[4]] -> Legends in stealth can become almost
[stealth skill.blurb[5]] -> invisible on a whim.
[stealth skill.details[0]] -> When creeping through the dungeons,
[stealth skill.details[1]] -> pause when you see a foe. If you take
[stealth skill.details[2]] -> an extra moment to let your enemy
[stealth skill.details[3]] -> look away, you can rush in for a
[stealth skill.details[4]] -> backstab, or even assassination!
[stealth skill.details[6]] -> These actions have a higher likelihood
[stealth skill.details[7]] -> of increasing your stealth skill.
[stealth skill.details[8]] -> With dedication to melee ambushing
[stealth skill.details[9]] -> tactics, an adventurer can become
[stealth skill.details[10]] -> a legend in their stealth ability.
[str.blurb[0]] -> Each point of STRENGTH (STR) adds to
[str.blurb[1]] -> melee attack (ATK) power. Strong
[str.blurb[2]] -> adventurers can also carry heavier
[str.blurb[3]] -> equipment, and lug more in their
[str.blurb[4]] -> inventory, without being slowed.
[str.details[0]] -> A character who depends primarily on
[str.details[1]] -> melee attacks will always benefit
[str.details[2]] -> from more STR.
[str.details[4]] -> Prioritize gear blessed with STR
[str.details[5]] -> bonuses to further enhance your
[str.details[6]] -> melee power.
[strafing.blurb[0]] -> When exploring, adventurers move
[strafing.blurb[1]] -> confidently forward at full speed,
[strafing.blurb[2]] -> but stepping backward or to the side
[strafing.blurb[3]] -> is slower. This is important to know
[strafing.blurb[4]] -> when dealing with threats you
[strafing.blurb[5]] -> don't want to be near.
[strafing.details[0]] -> While you might be tempted to back
[strafing.details[1]] -> away from an intimidating foe, or
[strafing.details[2]] -> sidestep away from a boulder, it is
[strafing.details[3]] -> much faster to turn and run!
[strafing.details[5]] -> Many adventurers have been smashed
[strafing.details[6]] -> because they were caught staring,
[strafing.details[7]] -> at the source of their demise.
[strafing.details[9]] -> Use the quickturn button if
[strafing.details[10]] -> you have trouble turning fast!
[sword skill.blurb[0]] -> Slashing against foes with a sword
[sword skill.blurb[1]] -> increases the chance they may bleed. A
[sword skill.blurb[2]] -> legend in SWORD SKILL always causes bleed
[sword skill.blurb[3]] -> when dealing a legendary strike.
[sword skill.details[0]] -> Swords may seem weak at first, as
[sword skill.details[1]] -> Skeletons are very resistant to the
[sword skill.details[2]] -> sword's honed edge.
[sword skill.details[4]] -> As you encounter more foes, you'll
[sword skill.details[5]] -> discover that some tough enemies are
[sword skill.details[6]] -> quite vulnerable to the blade.
[sword skill.details[8]] -> Be patient and careful as a novice
[sword skill.details[9]] -> swordsman.
[thrown.blurb[0]] -> Thrown weapon attacks pierce armor
[thrown.blurb[1]] -> and gain increased damage from DEX.
[thrown.blurb[3]] -> Charging a THROWN ATTACK improves
[thrown.blurb[4]] -> its flight distance and damage
[thrown.blurb[5]] -> considerably.
[thrown.details[0]] -> Thrown weapon attacks can quickly
[thrown.details[1]] -> take down otherwise tough enemies,
[thrown.details[2]] -> with 50% reduction to target AC.
[thrown.details[4]] -> Having to collect your items after,
[thrown.details[5]] -> or even during, the fight means you
[thrown.details[6]] -> must remain vigilant and careful with
[thrown.details[7]] -> your inventory.
[thrown.details[9]] -> Prepare to disable enemies or sneak
[thrown.details[10]] -> away to make sure you can have your
[thrown.details[11]] -> bandolier full for an encounter.
[tinkering skill.blurb[0]] -> With only a lockpick, a talented tinkerer
[tinkering skill.blurb[1]] -> can accomplish quite a lot. But the real
[tinkering skill.blurb[2]] -> power of tinkering is accessed with a
[tinkering skill.blurb[3]] -> tinkering kit. For every problem,
[tinkering skill.blurb[4]] -> tinkerers have a mechanical solution.
[tinkering skill.details[0]] -> After grasping the basics learned
[tinkering skill.details[1]] -> from scrapping items at Expert (60)
[tinkering skill.details[2]] -> skill level, raising tinkering can be a
[tinkering skill.details[3]] -> challenge.
[tinkering skill.details[5]] -> Construct as many traps as possible
[tinkering skill.details[6]] -> and let sentries get the final hit on
[tinkering skill.details[7]] -> enemies to improve your odds of
[tinkering skill.details[8]] -> increasing tinkering skill.
[tinkering skill.details[10]] -> When burdened with excess scrap, use
[tinkering skill.details[11]] -> flame/freeze traps and beartraps as
[tinkering skill.details[12]] -> a primary means of attack, which may
[tinkering skill.details[13]] -> also grant increases to tinkering skill.
[trading skill.blurb[0]] -> TRADING SKILL helps an adventurer get
[trading skill.blurb[1]] -> the most out of their gold, buying or
[trading skill.blurb[2]] -> selling. Only a skilled tradesman can
[trading skill.blurb[3]] -> convince them to part with a shopkeeper's
[trading skill.blurb[4]] -> private reserve of consumables.
[trading skill.details[0]] -> Trade skill will only increase when
[trading skill.details[1]] -> purchasing items, with each item's gold
[trading skill.details[2]] -> cost amounting to the chance that the
[trading skill.details[3]] -> trade skill will increase (up to 100).
[trading skill.details[5]] -> In other words, items costing 100 gold
[trading skill.details[6]] -> have a 100% chance of increasing skill.
[trading skill.details[8]] -> A shop's private stock is a great
[trading skill.details[9]] -> source of items that have a good
[trading skill.details[10]] -> likelihood of upping your skill while
[trading skill.details[11]] -> also often being useful to keep on
[trading skill.details[12]] -> hand. A new private stock item becomes
[trading skill.details[13]] -> available every 10 skill levels up to 40.
[unarmed skill.blurb[0]] -> Those with high UNARMED SKILL may knock
[unarmed skill.blurb[1]] -> back foes with critical strikes. Those
[unarmed skill.blurb[2]] -> with legendary ability may briefly
[unarmed skill.blurb[3]] -> paralyze a foe with a powerful
[unarmed skill.blurb[4]] -> legendary strike from behind.
[unarmed skill.details[0]] -> While overall dealing less damage, and
[unarmed skill.details[1]] -> being less effective against many
[unarmed skill.details[2]] -> targets, a tough fighter can quickly
[unarmed skill.details[3]] -> increase their skill in unarmed
[unarmed skill.details[4]] -> fighting.
[unarmed skill.details[6]] -> This is thanks in part to how many hits
[unarmed skill.details[7]] -> it may take to bring down a foe.
[unarmed skill.details[9]] -> With great skill, an unarmed fighting
[unarmed skill.details[10]] -> master is a serious threat with fewer
[unarmed skill.details[11]] -> needs.
[wanted.blurb[0]] -> If an adventurer is WANTED by the
[wanted.blurb[1]] -> Merchants' Guild, shopkeepers will attack
[wanted.blurb[2]] -> them on sight. Qualities like race, certain
[wanted.blurb[3]] -> items, or magic effects might change how
[wanted.blurb[4]] -> shopkeepers feel about you as a customer.
[wanted.details[0]] -> Shopkeepers are tough enough that
[wanted.details[1]] -> attacking them is already a risky
[wanted.details[2]] -> prospect, but making all of them
[wanted.details[3]] -> hostile has great opportunity cost.
[wanted.details[5]] -> With certain resources, it's possible to
[wanted.details[6]] -> get away with robbing shops only to
[wanted.details[7]] -> come back later as a customer.
[wanted.details[9]] -> Use a bandit mask to mug shopkeepers
[wanted.details[10]] -> and remove it when finished. If your
[wanted.details[11]] -> real identity is wanted, use the
[wanted.details[12]] -> charm spell to convince shopkeepers
[wanted.details[13]] -> to forgive your crimes.
[weapon quality.blurb[0]] -> All weapons do less damage when they
[weapon quality.blurb[1]] -> are in poorer condition. High Tinkering
[weapon quality.blurb[2]] -> skill and Scrolls of Repair can be used
[weapon quality.blurb[3]] -> to improve weapon damage to its greatest
[weapon quality.blurb[4]] -> potential.
[weapon quality.details[0]] -> All melee and ranged weapons lose ATK
[weapon quality.details[1]] -> when they degrade in quality.
[weapon quality.details[3]] -> Don't over-commit to a damaged
[weapon quality.details[4]] -> weapon.
[weapon quality.details[6]] -> Even if it's blessed, you might find a
[weapon quality.details[7]] -> fresh, mundane weapon that
[weapon quality.details[8]] -> significantly outclasses a weapon
[weapon quality.details[9]] -> that's about to break.
[weapon quality.details[11]] -> If you hope to repair your favorite
[weapon quality.details[12]] -> weapon, a mundane backup is a good
[weapon quality.details[13]] -> idea too.
[wgt.blurb[0]] -> Each item equipped or held in the inventory
[wgt.blurb[1]] -> adds WEIGHT (WGT). Higher STR allows an
[wgt.blurb[2]] -> adventurer to carry more WGT before it
[wgt.blurb[3]] -> slows them. The more WGT, the greater the
[wgt.blurb[4]] -> speed penalty.
[wgt.details[0]] -> Many adventurers make the mistake
[wgt.details[1]] -> of collecting every item they see
[wgt.details[2]] -> which leads to high weight and slow
[wgt.details[3]] -> movement speed.
[wgt.details[5]] -> This invites death.
[wgt.details[7]] -> It's usually wise to throw items away
[wgt.details[8]] -> you don't think you'll use in the next
[wgt.details[9]] -> next few minutes, just to stay light on
[wgt.details[10]] -> your feet.
[xp.blurb[0]] -> Whenever a character's skill increases,
[xp.blurb[1]] -> they gain 2 EXPERIENCE POINTS (XP). Killing
[xp.blurb[2]] -> monsters will also yield XP based on the
[xp.blurb[3]] -> challenge of the kill.
[xp.blurb[5]] -> Gain 100 XP to level up!
[xp.details[0]] -> If you have the time, seek monsters
[xp.details[1]] -> to slay and opportunities to practice
[xp.details[2]] -> different skills to increase your XP.
[xp.details[3]] -> Descending too quickly without
[xp.details[4]] -> earning enough levels is likely
[xp.details[5]] -> to end in death!
[xp.details[7]] -> Combat XP is split between all players
[xp.details[8]] -> when adventuring together.
[xp.details[10]] -> If you already have a skill maxed out,
[xp.details[11]] -> consider training a different skill so
[xp.details[12]] -> you can keep gaining experience.
[sorcery skill.blurb[0]] -> The SORCERY SKILL allows casters to
[sorcery skill.blurb[1]] -> learn more advanced Sorcery spells and
[sorcery skill.blurb[2]] -> increases PWR using them.
[sorcery skill.blurb[3]] -> A Legend in Sorcery has increased
[sorcery skill.blurb[4]] -> casting speeds and even greater PWR
[sorcery skill.blurb[5]] -> while using their Sorcery spells.
[sorcery skill.details[0]] -> Sorcery is the most direct of all
[sorcery skill.details[1]] -> magic disciplines for adventuring.
[sorcery skill.details[2]] -> No other school provides such
[sorcery skill.details[3]] -> prolific access to combat spells
[sorcery skill.details[4]] -> at all levels of skill. In addition,
[sorcery skill.details[5]] -> powerful utility and defensive magic
[sorcery skill.details[6]] -> are found in the sorcerer's grimoire.
[sorcery skill.details[8]] -> Like all magic users, sorcerers
[sorcery skill.details[9]] -> should trade out spells as they grow
[sorcery skill.details[10]] -> in skill. But they'll do well to
[sorcery skill.details[11]] -> remember their most reliable spells
[sorcery skill.details[12]] -> when facing greater challenges.
[thaumaturgy skill.blurb[0]] -> The THAUMATURGY SKILL allows casters
[thaumaturgy skill.blurb[1]] -> to learn more advanced Thaumaturgy
[thaumaturgy skill.blurb[2]] -> spells and increases PWR using them.
[thaumaturgy skill.blurb[3]] -> A Legend in Thaumaturgy has increased
[thaumaturgy skill.blurb[4]] -> casting speeds and even greater PWR
[thaumaturgy skill.blurb[5]] -> while using their Thaumaturgy spells.
[thaumaturgy skill.details[0]] -> The preferred school for devout
[thaumaturgy skill.details[1]] -> adventurers, thaumaturges provide
[thaumaturgy skill.details[2]] -> protection, restoration, and access to
[thaumaturgy skill.details[3]] -> divine wisdom or providence. These
[thaumaturgy skill.details[4]] -> offer assistance both to individual
[thaumaturgy skill.details[5]] -> adventurers and their parties.
[thaumaturgy skill.details[7]] -> Though most reliable for utility uses,
[thaumaturgy skill.details[8]] -> some spells offer divine wrath against
[thaumaturgy skill.details[9]] -> undead and demonic foes.
[thaumaturgy skill.details[11]] -> Thaumaturges tend to succeed when
[thaumaturgy skill.details[12]] -> magic is used to supplement other
[thaumaturgy skill.details[13]] -> practical adventuring skills.
[mysticism skill.blurb[0]] -> The MYSTICISM SKILL allows casters
[mysticism skill.blurb[1]] -> to learn more advanced Mysticism
[mysticism skill.blurb[2]] -> spells and increases PWR using them.
[mysticism skill.blurb[3]] -> A Legend in Mysticism has increased
[mysticism skill.blurb[4]] -> casting speeds and even greater PWR
[mysticism skill.blurb[5]] -> while using their Mysticism spells.
[mysticism skill.details[0]] -> Spells available to mystics tend to
[mysticism skill.details[1]] -> provide methods of control. Though
[mysticism skill.details[2]] -> often indirect compared to the other
[mysticism skill.details[3]] -> schools, a successful mystic prefers
[mysticism skill.details[4]] -> to create and exploit opportunity.
[mysticism skill.details[6]] -> While not as reliable as sorcery for
[mysticism skill.details[7]] -> combat spells, mysticism attack spells
[mysticism skill.details[8]] -> may open up or pay off on other kinds
[mysticism skill.details[9]] -> of opportunities to devastating effect.
[mysticism skill.details[11]] -> Mysticism reliably allows dominion
[mysticism skill.details[12]] -> over objects and minds for the
[mysticism skill.details[13]] -> more strategic adventurer.
[offhand casting.blurb[0]] -> Different kinds of magic items can be
[offhand casting.blurb[1]] -> held for OFF-HAND CASTING, allowing the
[offhand casting.blurb[2]] -> wielder to channel a magic effect.
[offhand casting.blurb[3]] -> Channeling may rapidly recast the item's
[offhand casting.blurb[4]] -> effect, or build up a spell's charge,
[offhand casting.blurb[5]] -> until channeling is released.
[offhand casting.details[0]] -> Three categories of off-hand casting
[offhand casting.details[1]] -> items align with the three main schools
[offhand casting.details[2]] -> of magic. These benefit the spells cast
[offhand casting.details[3]] -> from that school with additional PWR,
[offhand casting.details[4]] -> but they also provide their own magic
[offhand casting.details[5]] -> effects. The fourth category benefits
[offhand casting.details[6]] -> from the Lore skill.
[offhand casting.details[8]] -> SOURCE FOCI:
[offhand casting.details[9]] -> Particularly for sorcerers who like
[offhand casting.details[10]] -> to keep cleverer spells prepared, an
[offhand casting.details[11]] -> elemental source focus provides fast
[offhand casting.details[12]] -> access to quick blasts of damage.
[offhand casting.details[14]] -> HOLY SYMBOL:
[offhand casting.details[15]] -> Carried faithfully by thaumaturges,
[offhand casting.details[16]] -> holy symbols reward preparation with
[offhand casting.details[17]] -> largely preventative benefits.
[offhand casting.details[19]] -> DARK ICON:
[offhand casting.details[20]] -> Ideal for when one might have allies
[offhand casting.details[21]] -> to buy time in a fight, dark icons
[offhand casting.details[22]] -> afflict powerful curses at some
[offhand casting.details[23]] -> distance. The curse applies to an
[offhand casting.details[24]] -> area, potentially giving greater
[offhand casting.details[25]] -> control over enemy combatants.
[offhand casting.details[27]] -> BARD INSTRUMENTS:
[offhand casting.details[28]] -> Continually adding powerful buffs
[offhand casting.details[29]] -> to the player and any nearby allies
[offhand casting.details[30]] -> or followers, Lore and Charisma aids
[offhand casting.details[31]] -> the musician as they pour MP into
[offhand casting.details[32]] -> their song for supernatural benefits.
[gold.blurb[0]] -> GOLD is a resource used most often
[gold.blurb[1]] -> by adventurers for trade at shops.
[gold.blurb[2]] -> It has weight, so it's wise not to
[gold.blurb[3]] -> lug it around without intention.
[gold.blurb[4]] -> Some spells can consume gold to
[gold.blurb[5]] -> power a material-altering effect.
[gold.details[0]] -> Gold may often purchase great
[gold.details[1]] -> opportunity for victory. Whether
[gold.details[2]] -> an adventurer is in need of healing,
[gold.details[3]] -> a new spell, food, or a new piece of
[gold.details[4]] -> equipment, gold may be the sole
[gold.details[5]] -> resource which could solve all of
[gold.details[6]] -> these problems, with the right vendor.
[gold.details[8]] -> While gold contributes to the score
[gold.details[9]] -> of any given run at the dungeon,
[gold.details[10]] -> monster races may find little use for
[gold.details[11]] -> the beloved metal, given how rarely
[gold.details[12]] -> they may be able to interact with
[gold.details[13]] -> shops.

📂 ARCHIVO: lang/compendium_lang/lang_items.json
---------------------------------------------------------------------------
[alembic.blurb[0]] -> The ALEMBIC allows an alchemist to extract
[alembic.blurb[1]] -> and combine two fluids together, usually
[alembic.blurb[2]] -> resulting in a different effect.
[alembic.blurb[4]] -> Skilled brewers use it to make
[alembic.blurb[5]] -> more powerful concoctions.
[arbalest.blurb[0]] -> The arbalest is a specialized crossbow.
[arbalest.blurb[1]] -> While it behaves similarly to its smaller
[arbalest.blurb[2]] -> counterpart, it is slow to rearm, has a
[arbalest.blurb[3]] -> short range, and massive recoil.
[arbalest.blurb[5]] -> A fine tradeoff for its great strength.
[axes.blurb[0]] -> What they lack in elegance, AXES make
[axes.blurb[1]] -> up for by delivering blows that take the
[axes.blurb[2]] -> enemy's breath away.
[axes.blurb[3]] -> Ideal against lightly armored foes,
[axes.blurb[4]] -> the heavy blade always bites, even
[axes.blurb[5]] -> against heavily armored targets.
[backpacks.blurb[0]] -> Elder adventurers usually recommend
[backpacks.blurb[1]] -> against hoarding items, as death catches
[backpacks.blurb[2]] -> up quickly to those who move slowly.
[backpacks.blurb[4]] -> Some professions insist that they simply
[backpacks.blurb[5]] -> need BACKPACKS for extra storage.
[beartrap.blurb[0]] -> A cruel and somewhat crude device,
[beartrap.blurb[1]] -> the beartrap snaps shut on the legs of
[beartrap.blurb[2]] -> enemies, dealing a vicious bite.
[beartrap.blurb[3]] -> Most are also snared by the trap,
[beartrap.blurb[4]] -> opening them to attack until
[beartrap.blurb[5]] -> the jaws release.
[blood vials.blurb[0]] -> With the proper technique, BLOOD can be
[blood vials.blurb[1]] -> stolen from victims before being soiled
[blood vials.blurb[2]] -> by the filthy dungeon floors.
[blood vials.blurb[4]] -> Only the accursed and damned
[blood vials.blurb[5]] -> would have any use for it.
[boomerang.blurb[0]] -> Tales tell of a tribe that crafts
[boomerang.blurb[1]] -> a weapon that always returns to its
[boomerang.blurb[2]] ->  owner when thrown.
[boomerang.blurb[3]] -> Once battered and old, it is offered
[boomerang.blurb[4]] -> to the firstborn. Those who restore
[boomerang.blurb[5]] -> a BOOMERANG are said to be worthy.
[booze.blurb[0]] -> Potent booze can lift the spirits a
[booze.blurb[1]] -> little and offer strength of confidence.
[booze.blurb[2]] -> However sloppy aim, dull wit, and
[booze.blurb[3]] -> a weak stomach may follow.
[booze.blurb[4]] -> One must decide if booze
[booze.blurb[5]] -> is a vice or a treat.
[bows.blurb[0]] -> Beloved by skirmishers and knaves alike,
[bows.blurb[1]] -> bows of all varieties can fire arrows
[bows.blurb[2]] -> to slay and pester enemies from afar.
[bows.blurb[4]] -> Expert hunters and rogues
[bows.blurb[5]] -> keep special ammunition on hand.
[chakrams and shurikens.blurb[0]] -> The fine material allows a sharper edge
[chakrams and shurikens.blurb[1]] -> to these weapons, and their spin allows
[chakrams and shurikens.blurb[2]] -> them to ricochet off walls.
[chakrams and shurikens.blurb[3]] -> Crafty adventurers can take out
[chakrams and shurikens.blurb[4]] -> enemies from around corners!
[chakrams and shurikens.blurb[5]] -> A thrower's dream.
[cheese and apples.blurb[0]] -> Basic MORSELS of simple food, a
[cheese and apples.blurb[1]] -> hungry adventurer must eat several
[cheese and apples.blurb[2]] -> to satiate themselves.
[cheese and apples.blurb[3]] -> One might only brave spoiled food if
[cheese and apples.blurb[4]] -> already desperately hungry, or perhaps
[cheese and apples.blurb[5]] -> lacking a refined palate.
[cloaks & clothing.blurb[0]] -> Mundane CLOTHING isn't as practical
[cloaks & clothing.blurb[1]] -> as armor when faced with violence.
[cloaks & clothing.blurb[3]] -> But enchanted garments can convince
[cloaks & clothing.blurb[4]] -> adventurers to adopt more lightweight
[cloaks & clothing.blurb[5]] -> attire for its other benefits.
[cream pie.blurb[0]] -> A dungeon delicacy, sometimes rigged
[cream pie.blurb[1]] -> to splatter into a hungry adventurer's
[cream pie.blurb[2]] -> face, blinding them for a time.
[cream pie.blurb[4]] -> If one is not peckish, a PIE could be thrown
[cream pie.blurb[5]] -> into an enemy's face to befuddle them.
[crossbow.blurb[0]] -> The crossbow is mechanically assisted,
[crossbow.blurb[1]] -> allowing quick reloading and firing at
[crossbow.blurb[2]] -> the pull of a trigger.
[crossbow.blurb[3]] -> While it's lacking in range
[crossbow.blurb[4]] -> compared to other bows, it can still
[crossbow.blurb[5]] -> fire special ammunition.
[crowns & headdresses.blurb[0]] -> Rare adornments, reserved for the
[crowns & headdresses.blurb[1]] -> politically or magically attuned.
[crowns & headdresses.blurb[3]] -> While seemingly symbolic in nature,
[crowns & headdresses.blurb[4]] -> powerful symbols can make
[crowns & headdresses.blurb[5]] -> a powerful impact.
[crystal ammo.blurb[0]] -> When you're looking for the finest,
[crystal ammo.blurb[1]] -> sharpest, and most lethal serrated
[crystal ammo.blurb[2]] -> barbs to harm any enemy, you can't
[crystal ammo.blurb[3]] -> do better than CRYSTAL AMMO.
[crystal ammo.blurb[5]] -> An uncomplicated, superior missile.
[crystal armor.blurb[0]] -> CRYSTAL so rare would normally never be
[crystal armor.blurb[1]] -> used as protective armor, especially
[crystal armor.blurb[2]] -> given its fragility.
[crystal armor.blurb[4]] -> Only an incredible bounty of magical
[crystal armor.blurb[5]] -> crystal would justify using it this way.
[crystal shard.blurb[0]] -> While CRYSTAL SHARDS are dimmer than
[crystal shard.blurb[1]] -> torches, their light is only visible to the
[crystal shard.blurb[2]] -> wielder, and they never burn out.
[crystal shard.blurb[4]] -> However they are fragile, and using them
[crystal shard.blurb[5]] -> to block will cause them to shatter quickly.
[death box.blurb[0]] -> A locker containing all the worldly
[death box.blurb[1]] -> possessions of a dead adventurer.
[death box.blurb[3]] -> Carrying it slows the carrier by 25%.
[death box.blurb[4]] -> Once broken open, all the contents
[death box.blurb[5]] -> immediately spill out.
[defensive potions.blurb[0]] -> DEFENSIVE POTIONS provide a generally
[defensive potions.blurb[1]] -> beneficial effect to those who drink them.
[defensive potions.blurb[3]] -> When allies are in need, chuck a
[defensive potions.blurb[4]] -> helpful bottle at their face!
[djinnis brace.blurb[0]] -> A traveler once found a lamp of wishes,
[djinnis brace.blurb[1]] -> occupied by a furious Djinni.
[djinnis brace.blurb[3]] -> The traveler tried to free the Djinni
[djinnis brace.blurb[4]] -> but its shackles were invulnerable.
[djinnis brace.blurb[5]] -> Only a wish could grant its freedom.
[dragons mail.blurb[0]] -> Legend tells of a rivalry between a
[dragons mail.blurb[1]] -> dragon and the traveler of myth. As they
[dragons mail.blurb[2]] -> competed for fame, they became friends.
[dragons mail.blurb[4]] -> When the dragon later died, it
[dragons mail.blurb[5]] -> offered its scales to the traveler.
[dummybot.blurb[0]] -> Originally devised as a portable and
[dummybot.blurb[1]] -> durable training companion, DUMMYBOTS
[dummybot.blurb[2]] -> have been magically attuned to irritate
[dummybot.blurb[3]] -> and keep the attention of foes.
[dummybot.blurb[4]] -> While distracted, adventurers can
[dummybot.blurb[5]] -> can flank with less risk.
[dyrnwyn.blurb[0]] -> Legend tells of a sword that served
[dyrnwyn.blurb[1]] -> high-born citizens with noble quests,
[dyrnwyn.blurb[2]] -> offering fire and divine retribution.
[dyrnwyn.blurb[4]] -> Age and mixed purposes may have dulled
[dyrnwyn.blurb[5]] -> its blade, but it can be restored.
[empty bottle.blurb[0]] -> These brittle vessels are best
[empty bottle.blurb[1]] -> used to collect the contents of
[empty bottle.blurb[2]] -> fountains and water pumps.
[empty bottle.blurb[4]] -> A budding brewer needs all the potable
[empty bottle.blurb[5]] -> liquid they can get to experiment with.
[face accessories.blurb[0]] -> Adventurers may complement their role
[face accessories.blurb[1]] -> with the right piece of eyewear, or by
[face accessories.blurb[2]] -> holding something in their mouth.
[face accessories.blurb[4]] -> These items confer a variety of benefits,
[face accessories.blurb[5]] -> but for some, style is more important.
[fire and hunting ammo.blurb[0]] -> Some ammo leaves a lasting impression.
[fire and hunting ammo.blurb[2]] -> FIRE AMMO lights up the room and sets
[fire and hunting ammo.blurb[3]] -> enemies ablaze, but the debilitating
[fire and hunting ammo.blurb[4]] -> HUNTING AMMO can devastate beasts
[fire and hunting ammo.blurb[5]] -> while slowing and poisoning them.
[fist weapons.blurb[0]] -> Perfect for those who fear the untimely
[fist weapons.blurb[1]] -> breakage of a weapon, fist weapons are
[fist weapons.blurb[2]] -> gauntlets that add a bit more
[fist weapons.blurb[3]] -> bite to each punch.
[fist weapons.blurb[4]] -> The well-trained can stun an
[fist weapons.blurb[5]] -> enemy with a surprise strike.
[gungnir.blurb[0]] -> Legends say this spear was forged
[gungnir.blurb[1]] -> for the gods so they may always
[gungnir.blurb[2]] -> land perfect strikes.
[gungnir.blurb[4]] -> The untrained are deadly with GUNGNIR.
[gungnir.blurb[5]] -> This weapon is usually well-guarded.
[gyrobot.blurb[0]] -> Conceived first by tinkerers as a
[gyrobot.blurb[1]] -> simple companion toy, the GYROBOT'S
[gyrobot.blurb[2]] -> function has grown to include
[gyrobot.blurb[3]] -> many useful tasks.
[gyrobot.blurb[4]] -> A skilled tinkerer can command
[gyrobot.blurb[5]] -> their pet to assist in many ways.
[hats & hoods.blurb[0]] -> Many professions and groups use iconic
[hats & hoods.blurb[1]] -> headwear that are practical and stylish.
[hats & hoods.blurb[3]] -> Perform and signal your role to others
[hats & hoods.blurb[4]] -> by donning the perfect HAT or HOOD.
[iron armor.blurb[0]] -> While heavier than leather, it is twice
[iron armor.blurb[1]] -> as effective in protecting the wearer.
[iron armor.blurb[2]] -> One must be strong to move quickly in IRON.
[iron armor.blurb[4]] -> Hamlet was originally known
[iron armor.blurb[5]] -> for its rich iron mines.
[khryselakatos.blurb[0]] -> Favored by a legendary hunter,
[khryselakatos.blurb[1]] -> KHRYSELAKATOS offers enchanted arrows
[khryselakatos.blurb[2]] -> from its unbreaking string.
[khryselakatos.blurb[4]] -> Myths tell of its owner who was
[khryselakatos.blurb[5]] -> stripped of godhood and banished.
[leather armor.blurb[0]] -> Lightweight, inexpensive, and common, most
[leather armor.blurb[1]] -> adventurers would much rather wear
[leather armor.blurb[2]] -> LEATHER than no armor at all.
[leather armor.blurb[4]] -> A full outfit of leather can prevent
[leather armor.blurb[5]] -> substantial damage from weaker foes.
[lockpick.blurb[0]] -> Those skilled in tinkering can use these
[lockpick.blurb[1]] -> simple tools to unlock chests and doors,
[lockpick.blurb[2]] -> disarm arrow traps, or adjust the
[lockpick.blurb[3]] -> springs of tinkered traps.
[lockpick.blurb[5]] -> Handy for dealing with dangerous devices.
[maces.blurb[0]] -> With a head designed to shatter and
[maces.blurb[1]] -> crush rigid targets, MACES are reliable
[maces.blurb[2]] -> weapons that destroy armor and can knock
[maces.blurb[3]] -> the most armored enemies senseless.
[maces.blurb[4]] -> In the right hands, enemies may not
[maces.blurb[5]] -> get the chance to fight back.
[mail & lore books.blurb[0]] -> While magic users may be disappointed
[mail & lore books.blurb[1]] -> when they seek power within these mundane
[mail & lore books.blurb[2]] -> pages, curious adventurers enjoy reading
[mail & lore books.blurb[3]] -> the inked words for clues.
[mail & lore books.blurb[5]] -> Paper also burns well when fed to a boiler.
[masks & visors.blurb[0]] -> Some adventurers use MASKS to conceal
[masks & visors.blurb[1]] -> or communicate their identity
[masks & visors.blurb[3]] -> For others, practical facewear provides
[masks & visors.blurb[4]] -> benefits that help fulfill their role.
[meat, fish, and bread.blurb[0]] -> Hearty portions, treasured by hungry
[meat, fish, and bread.blurb[1]] -> dungeon dwellers. If desperate for
[meat, fish, and bread.blurb[2]] -> food, one may be able to eat up
[meat, fish, and bread.blurb[3]] -> to two servings in and be satisfied,
[meat, fish, and bread.blurb[4]] -> being careful not to over-eat.
[mining pick.blurb[0]] -> These handy tools easily chop through
[mining pick.blurb[1]] -> the earth, making shortcuts and providing
[mining pick.blurb[2]] -> access to hidden treasures.
[mining pick.blurb[4]] -> MINING PICKS break quickly but can make
[mining pick.blurb[5]] -> all the difference when lost or trapped.
[mirrors.blurb[0]] -> While there's no proof that mirrors can
[mirrors.blurb[1]] -> steal souls, they do appear to reflect both
[mirrors.blurb[2]] -> mundane and magical realities.
[mirrors.blurb[4]] -> Some who gaze upon them learn more
[mirrors.blurb[5]] -> about themselves than they'd expect.
[mystic orb.blurb[0]] -> An enigmatic sphere that teems
[mystic orb.blurb[1]] -> with magical power.
[mystic orb.blurb[2]] -> A proper pedestal would allow
[mystic orb.blurb[3]] -> its great power to be tapped, though
[mystic orb.blurb[4]] -> somebody is likely to pay dearly
[mystic orb.blurb[5]] -> for such a priceless artifact.
[noisemaker.blurb[0]] -> The spring-powered mechanism uses a
[noisemaker.blurb[1]] -> crude but clever design to generate
[noisemaker.blurb[2]] -> fascinating noise that draws the
[noisemaker.blurb[3]] -> attention of nearby enemies.
[noisemaker.blurb[4]] -> Great for distracting foes and
[noisemaker.blurb[5]] -> luring them into an ambush.
[offensive potions.blurb[0]] -> Many potions are useful for harming
[offensive potions.blurb[1]] -> foes, often with devastating effects,
[offensive potions.blurb[2]] -> also dealing damage when thrown.
[offensive potions.blurb[4]] -> Adventurers can drink OFFENSIVE POTIONS,
[offensive potions.blurb[5]] -> but it is usually done in ignorance.
[oracles treads.blurb[0]] -> A traveler of ancient myth is said
[oracles treads.blurb[1]] -> to have entered a realm of darkness
[oracles treads.blurb[2]] -> which concealed all evil.
[oracles treads.blurb[3]] -> Witnesses wrote of the traveler feeling
[oracles treads.blurb[4]] -> vibrations in the ground to seek danger,
[oracles treads.blurb[5]] -> quickly conquering the realm.
[parashu.blurb[0]] -> Many may call their weapon PARASHU,
[parashu.blurb[1]] -> but one such eternal axe can be
[parashu.blurb[2]] -> restored to legendary lethality.
[parashu.blurb[4]] -> It was once a weapon of gods and
[parashu.blurb[5]] -> is now found in lowly places.
[polearms.blurb[0]] -> Polearms offer leverage and balance,
[polearms.blurb[1]] -> proving especially effective against
[polearms.blurb[2]] -> large and heavy beasts.
[polearms.blurb[4]] -> In skilled hands, attacks with these
[polearms.blurb[5]] -> weapons can keep foes back.
[rocks & gems.blurb[0]] -> All stones can be handy when you need
[rocks & gems.blurb[1]] -> something to throw at a trap or enemy.
[rocks & gems.blurb[3]] -> But precious gems are beloved by
[rocks & gems.blurb[4]] -> shopkeepers and automatons alike,
[rocks & gems.blurb[5]] -> or anyone tempted by greed.
[sentrybot and magic sentry.blurb[0]] -> Using arcane crystal to bestow
[sentrybot and magic sentry.blurb[1]] -> rudimentary intelligence, tinkerers
[sentrybot and magic sentry.blurb[2]] -> have outfitted tripods with
[sentrybot and magic sentry.blurb[3]] -> missile-slinging heads.
[sentrybot and magic sentry.blurb[4]] -> A sentry that is left alone to fire at
[sentrybot and magic sentry.blurb[5]] -> enemies can deal devastating damage.
[sharur.blurb[0]] -> Legend tells of a wise one who traveled
[sharur.blurb[1]] -> from kingdom to kingdom offering advice.
[sharur.blurb[3]] -> For a time, the kingdom would be
[sharur.blurb[4]] -> guaranteed to prosper, but the
[sharur.blurb[5]] -> advisor would always be exiled.
[shields.blurb[0]] -> Shields provide passive armor to
[shields.blurb[1]] -> adventurers wielding them, but actively
[shields.blurb[2]] -> blocking provides much more defense.
[shields.blurb[4]] -> Some shields provide additional
[shields.blurb[5]] -> benefits while blocking.
[silver and piercing ammo.blurb[0]] -> Some ammo is the right choice
[silver and piercing ammo.blurb[1]] -> depending on the foe.
[silver and piercing ammo.blurb[3]] -> PIERCING AMMO can penetrate the
[silver and piercing ammo.blurb[4]] -> strongest armor. Undead and demonic
[silver and piercing ammo.blurb[5]] -> enemies are more afraid of SILVER AMMO.
[skeleton key.blurb[0]] -> A locksmith managed to devise this
[skeleton key.blurb[1]] -> style of key which allows its user to
[skeleton key.blurb[2]] -> operate mundane doors and chests.
[skeleton key.blurb[4]] -> While it can't do everything a
[skeleton key.blurb[5]] -> lockpick can, it requires no training.
[slingshot.blurb[0]] -> The most basic of missile weapons,
[slingshot.blurb[1]] -> slingshots may not seem like much.
[slingshot.blurb[3]] -> But when one needs to fight at a distance,
[slingshot.blurb[4]] -> one could do worse than flinging bullets
[slingshot.blurb[5]] -> and running away.
[sphinxs casque.blurb[0]] -> Legend tells of a traveler who met
[sphinxs casque.blurb[1]] -> a Sphinx with an impossible riddle.
[sphinxs casque.blurb[3]] -> The traveler thought for a moment, and
[sphinxs casque.blurb[4]] -> responded with a question that the
[sphinxs casque.blurb[5]] -> Sphinx could not answer.
[steel armor.blurb[0]] -> Stronger than iron, and only a little
[steel armor.blurb[1]] -> heavier, one requires luck or wealth to
[steel armor.blurb[2]] -> obtain and wear superior STEEL armor.
[steel armor.blurb[4]] -> The craft of STEEL is known to few smiths.
[swift and springshot ammo.blurb[0]] -> Turning the enemy into a pincushion
[swift and springshot ammo.blurb[1]] -> before they can get close is a
[swift and springshot ammo.blurb[2]] -> priority for many archers.
[swift and springshot ammo.blurb[3]] -> Lightweight SWIFT AMMO is faster to load,
[swift and springshot ammo.blurb[4]] -> while SPRINGSHOT AMMO is armed by
[swift and springshot ammo.blurb[5]] -> mechanists for powerful knockback.
[swords.blurb[0]] -> Deadly against soft targets, SWORDS are
[swords.blurb[1]] -> ideal for one grisly task: cutting flesh.
[swords.blurb[2]] -> Rigid, or tough hides may repel a slash,
[swords.blurb[3]] -> but a masterful cut still draws blood.
[teleportation trap.blurb[0]] -> Like other tinkered traps, a lockpick
[teleportation trap.blurb[1]] -> can make this ignore or detonate
[teleportation trap.blurb[2]] -> on friendly targets.
[teleportation trap.blurb[3]] -> But it's also configurable as a
[teleportation trap.blurb[4]] -> TELEPORTATION destination, allowing
[teleportation trap.blurb[5]] -> for controlled instant travel.
[tin and tin opener.blurb[0]] -> Tins hide away cooked, chopped vegetables
[tin and tin opener.blurb[1]] -> and meats of various kinds, offering an
[tin and tin opener.blurb[2]] -> invigorating and very filling meal.
[tin and tin opener.blurb[4]] -> However, a tin opener is required, and
[tin and tin opener.blurb[5]] -> the grease inside can be a nuisance.
[tinkered traps.blurb[0]] -> TINKERED TRAPS can be deployed
[tinkered traps.blurb[1]] -> on floors, walls, doors, and chests.
[tinkered traps.blurb[2]] -> When disturbed, they detonate,
[tinkered traps.blurb[3]] -> delivering their payload effect.
[tinkered traps.blurb[4]] -> Many tinkerers rearm the spent
[tinkered traps.blurb[5]] -> detonator to save a little scrap.
[tinkering kit.blurb[0]] -> The TINKERING KIT can break down
[tinkering kit.blurb[1]] -> most gear into reusable parts.
[tinkering kit.blurb[3]] -> A skilled tinkerer can recombine them
[tinkering kit.blurb[4]] -> into useful machines, each more efficient
[tinkering kit.blurb[5]] -> when made by more skilled hands.
[tomahawks & daggers.blurb[0]] -> Weapons built especially for throwing,
[tomahawks & daggers.blurb[1]] -> these fly further and strike harder when
[tomahawks & daggers.blurb[2]] -> a bit more effort is put into each throw.
[tomahawks & daggers.blurb[4]] -> Heavier than missile projectiles,
[tomahawks & daggers.blurb[5]] -> they also excel at penetrating armor.
[tomalley.blurb[0]] -> TOMALLEY, not to be confused with
[tomalley.blurb[1]] -> a stuffed cornmeal snack, is a sludge
[tomalley.blurb[2]] -> that serves as an invertebrate's liver.
[tomalley.blurb[3]] -> Dungeon bugs often possess a small
[tomalley.blurb[4]] -> amount of meat covered with
[tomalley.blurb[5]] -> this edible substance.
[torch and lantern.blurb[0]] -> When wielded, these provide light.
[torch and lantern.blurb[1]] -> Raise a TORCH or LANTERN to see a
[torch and lantern.blurb[2]] -> little further, or block attacks!
[torch and lantern.blurb[4]] -> TORCHES & LANTERS slowly
[torch and lantern.blurb[5]] -> degrade as they burn.
[towel.blurb[0]] -> While not seeming like much on its own,
[towel.blurb[1]] -> in the right situation, a TOWEL can
[towel.blurb[2]] -> be a lifesaver.
[towel.blurb[3]] -> Towels make fine bandages
[towel.blurb[4]] -> and clean up messes that might
[towel.blurb[5]] -> ruin your next fight.
[water.blurb[0]] -> Fresh, clean WATER is a luxury
[water.blurb[1]] -> in the dungeons. It can satisfy an empty
[water.blurb[2]] -> stomach for a little while, and the brewer's
[water.blurb[3]] -> supply depends upon it.
[water.blurb[4]] -> It's also handy for washing
[water.blurb[5]] -> away certain magic effects.
[whip.blurb[0]] -> The specialty weapon of the Punisher,
[whip.blurb[1]] -> skilled users can grasp weapons from
[whip.blurb[2]] -> unwary hands with the whip.
[whip.blurb[4]] -> While it is slower to strike, it can
[whip.blurb[5]] -> lash beyond the reach of other weapons.
[wraiths gown.blurb[0]] -> Seeking to master death, the traveler
[wraiths gown.blurb[1]] -> of myth entered the Underworld.
[wraiths gown.blurb[2]] -> There resided a spirit who longed for life.
[wraiths gown.blurb[4]] -> The traveler carried the spirit out,
[wraiths gown.blurb[5]] -> but only its clothes crossed over.
[quilted armor.blurb[0]] -> While often used for padding underneath
[quilted armor.blurb[1]] -> metal armors, tightly stitched layers
[quilted armor.blurb[2]] -> of fine cloth make for good protection
[quilted armor.blurb[3]] -> on their own.
[quilted armor.blurb[4]] -> Stacks of fabric can reduce the
[quilted armor.blurb[5]] -> penetration of arrows and spearheads.
[chain armor.blurb[0]] -> Fashioned by the finest smiths, chain armor
[chain armor.blurb[1]] -> is a rare commodity.
[chain armor.blurb[2]] -> While its flexibility makes it less protective
[chain armor.blurb[3]] -> than other metal armors, it is particularly
[chain armor.blurb[4]] -> adept at deflecting the cutting edges of 
[chain armor.blurb[5]] -> swords and axes.
[frypan.blurb[0]] -> Frontier cooks swear by this iron
[frypan.blurb[1]] -> cookware's indestructibility, so long
[frypan.blurb[2]] -> as the metal is treated properly!
[frypan.blurb[3]] -> A campfire is all that's needed for
[frypan.blurb[4]] -> this portable kitchen to function.
[frypan.blurb[5]] -> While unwieldy, it can be used as a shield!
[rations.blurb[0]] -> Connoisseurs of the humble ration are
[rations.blurb[1]] -> content not knowing what goes into
[rations.blurb[2]] -> their ready-packed meals.
[rations.blurb[4]] -> A skilled cook can make them tastier,
[rations.blurb[5]] -> even for the pickiest of palates.
[sludge balls.blurb[0]] -> Despite being a byproduct of food,
[sludge balls.blurb[1]] -> SLUDGE BALLS have no nutritional value.
[sludge balls.blurb[3]] -> Resourceful adventurers use them
[sludge balls.blurb[4]] -> as thrown ammunition to humiliate and
[sludge balls.blurb[5]] -> debilitate their foes simultaneously.
[keys.blurb[0]] -> While KEYS are typically found somewhere
[keys.blurb[1]] -> near their matching lock, some rare
[keys.blurb[2]] -> keys are hidden much more carefully.
[keys.blurb[4]] -> Those made from more precious metals
[keys.blurb[5]] -> give access to more precious treasures.
[flails.blurb[0]] -> Long-chain varieties of FLAIL are
[flails.blurb[1]] -> rare, but the extra range provided is a
[flails.blurb[2]] -> substantial advantage for a mace.
[flails.blurb[3]] -> While whirling it overhead to build
[flails.blurb[4]] -> momentum for a critical strike,
[flails.blurb[5]] -> enemies face rapid light attacks.
[greatswords.blurb[0]] -> Larger blades like the claymore
[greatswords.blurb[1]] -> are made of fine, sturdy steel,
[greatswords.blurb[2]] -> whose weight can parry other attacks.
[greatswords.blurb[3]] -> Their broad and heavy cutting blades
[greatswords.blurb[4]] -> can be used to cleave through multiple
[greatswords.blurb[5]] -> nearby foes with a critical strike.
[rapier.blurb[0]] -> In the hands of a dextrous fencer, the
[rapier.blurb[1]] -> nimble RAPIER can riposte when parrying,
[rapier.blurb[2]] -> allowing a talented swordsman to defeat
[rapier.blurb[3]] -> foes with a patient and consistent defense.
[rapier.blurb[4]] -> Their fine craftsmanship makes them an
[rapier.blurb[5]] -> exceptionally rare favorite of Bards.
[duck.blurb[0]] -> Like many birds, DUCKS are territorial
[duck.blurb[1]] -> and loyal to their partners for life. They'll
[duck.blurb[2]] -> courageously pester deadly threats, and
[duck.blurb[3]] -> are surprisingly deft at avoiding harm.
[duck.blurb[4]] -> They may become distracted by fishing
[duck.blurb[5]] -> opportunities.
[bolas.blurb[0]] -> Simple BOLAS are a favorite tool for
[bolas.blurb[1]] -> guerilla skirmishers, using weights at
[bolas.blurb[2]] -> the end of cord to make a projectile
[bolas.blurb[3]] -> with one job: Entangling its target.
[bolas.blurb[4]] -> While they deal little damage, victims
[bolas.blurb[5]] -> are very vulnerable while wrapped.
[shillelagh.blurb[0]] -> A knobby length of wood is cured
[shillelagh.blurb[1]] -> according to folk tradition, making
[shillelagh.blurb[2]] -> SHILLELAGHS nearly unbreakable.
[shillelagh.blurb[3]] -> Hermits hollow and fill the clubbed
[shillelagh.blurb[4]] -> end with dense magically-reactive metal,
[shillelagh.blurb[5]] -> empowering strikes against hindered foes.

📂 ARCHIVO: lang/compendium_lang/lang_magic.json
---------------------------------------------------------------------------
[blessings.blurb[0]] -> In war, or in adventuring parties, those
[blessings.blurb[1]] -> who offer BLESSINGS are in high demand.
[blessings.blurb[2]] -> They benefit both the thaumaturgist, plus
[blessings.blurb[3]] -> nearby followers and allies.
[blessings.blurb[5]] -> Some blessings have lasting effects.
[contravention.blurb[0]] -> While most magic could be described as
[contravention.blurb[1]] -> breaking the rules of reality, the study
[contravention.blurb[2]] -> of CONTRAVENTION allows sorcerers to
[contravention.blurb[3]] -> change how rules effect one's self.
[contravention.blurb[4]] -> This requires ongoing magic energy to
[contravention.blurb[5]] -> sustain, but can be disabled at will.
[daimonia.blurb[0]] -> DAIMONIA is the craft of using magic to
[daimonia.blurb[1]] -> tap into the will of spirits, compelling their
[daimonia.blurb[2]] -> influence with transformative results.
[daimonia.blurb[3]] -> Though shunned by civilized society,
[daimonia.blurb[4]] -> some mystics claim that their own spirit
[daimonia.blurb[5]] -> is incomplete without this communion.
[divinations.blurb[0]] -> DIVINATIONS grant access to hidden
[divinations.blurb[1]] -> knowledge, revealing information that
[divinations.blurb[2]] -> there may be no other way to know.
[divinations.blurb[4]] -> Practicing thaumaturgists claim
[divinations.blurb[5]] -> that knowledge is power.
[enchanted amulets.blurb[0]] -> AMULETS provide reactive benefits
[enchanted amulets.blurb[1]] -> to their wearer, often intervening
[enchanted amulets.blurb[2]] -> against harm a number of times
[enchanted amulets.blurb[3]] -> until their magic is spent.
[enchanted amulets.blurb[4]] -> Some amulets have the opposite objective.
[enchanted amulets.blurb[5]] -> It is wise to appraise before wearing.
[enchanted feather.blurb[0]] -> The ENCHANTED FEATHER can be depleted to
[enchanted feather.blurb[1]] -> restore spellbooks or inscribe magic words
[enchanted feather.blurb[2]] -> onto a blank scroll.
[enchanted feather.blurb[3]] -> Only those who know the magic
[enchanted feather.blurb[4]] -> words can inscribe with purpose.
[enchanted feather.blurb[5]] -> Depleted feathers may be recharged.
[enchanted rings.blurb[0]] -> Adventurers covet magical RINGS for
[enchanted rings.blurb[1]] -> the passive magical benefits they
[enchanted rings.blurb[2]] -> provide, with effects that range
[enchanted rings.blurb[3]] -> from mild, to situational, to
[enchanted rings.blurb[4]] -> extremely powerful.
[enchanted rings.blurb[5]] -> Magical rings may change the world.
[evocation.blurb[0]] -> Sorcerers practice EVOCATION to conjure
[evocation.blurb[1]] -> energies and material using their minds.
[evocation.blurb[2]] -> Largely this is used to launch harmful
[evocation.blurb[3]] -> projectiles at enemies by adventurers,
[evocation.blurb[4]] -> many of which leave a lasting effect
[evocation.blurb[5]] -> that may continue to harm the target.
[impeturia.blurb[0]] -> Mystics who practice IMPETURIA do so by
[impeturia.blurb[1]] -> calling to the spirit of the object they
[impeturia.blurb[2]] -> wish to manipulate, and compel it to alter
[impeturia.blurb[3]] -> its state. Sorcerers attempting to do the
[impeturia.blurb[4]] -> same thing with kinesis have so far been
[impeturia.blurb[5]] -> unsuccessful.
[kinesis.blurb[0]] -> Sorcerers practice KINESIS to move
[kinesis.blurb[1]] -> things with their minds. While trying to
[kinesis.blurb[2]] -> improve control and accuracy, they have
[kinesis.blurb[3]] -> stumbled upon other innovations, but
[kinesis.blurb[4]] -> precise manipulation remains difficult.
[magicstaffs.blurb[0]] -> These weapons allow any adventurer, no
[magicstaffs.blurb[1]] -> matter how mundane, to fire magical spells.
[magicstaffs.blurb[3]] -> The color of the staff indicates
[magicstaffs.blurb[4]] -> what kinds of spells it might contain.
[magicstaffs.blurb[5]] -> The item always breaks when depleted.
[meditations.blurb[0]] -> A simple MEDITATION is most magicians'
[meditations.blurb[1]] -> first introduction to thaumaturgy.
[meditations.blurb[3]] -> These spells require concentration to
[meditations.blurb[4]] -> sustain, and will only effect the caster,
[meditations.blurb[5]] -> but they can be dismissed at will.
[miraculous feats.blurb[0]] -> Those in ancient times who performed
[miraculous feats.blurb[1]] -> MIRACULOUS FEATS are the first known
[miraculous feats.blurb[2]] -> thaumaturgists. Casting immediately
[miraculous feats.blurb[3]] -> performs a single wonderous action.
[miraculous feats.blurb[4]] -> It is taught that aligning one's self with
[miraculous feats.blurb[5]] -> great purpose will yield these powers.
[psianimus.blurb[0]] -> The most commonly practiced of the
[psianimus.blurb[1]] -> mystic's arts, PSIANIMUS is the craft
[psianimus.blurb[2]] -> of using magic to alter the mind of a
[psianimus.blurb[3]] -> living (or unliving) target.
[psianimus.blurb[4]] -> The effects are usually temporary,
[psianimus.blurb[5]] -> otherwise its reputation might differ.
[sarkomancy.blurb[0]] -> Considered a forbidden and dark art by
[sarkomancy.blurb[1]] -> the church, SARKOMANCY is the craft of
[sarkomancy.blurb[2]] -> using magic to manipulate the body,
[sarkomancy.blurb[3]] -> usually against unwilling targets.
[sarkomancy.blurb[4]] -> Uses of this magic to benefit one's
[sarkomancy.blurb[5]] -> own body are said to only be rumors.
[scrolls.blurb[0]] -> A scroll can be invoked by any adventurer
[scrolls.blurb[1]] -> to spend its stored spell, however it is
[scrolls.blurb[2]] -> immediately consumed upon use.
[scrolls.blurb[3]] -> Some spells can only be found on scrolls.
[scrolls.blurb[4]] -> Blank scrolls may later be inscribed,
[scrolls.blurb[5]] -> with the right tools and knowledge.
[temulturgy.blurb[0]] -> Sometimes magic is needed that does
[temulturgy.blurb[1]] -> not simply hurl one force at another.
[temulturgy.blurb[2]] -> The study of TEMULTURGY is specialized
[temulturgy.blurb[3]] -> toward disrupting an object's structure.
[temulturgy.blurb[4]] -> So far sorcerers haven't figured out
[temulturgy.blurb[5]] -> how to practice this on living targets.
[scepter.blurb[0]] -> With its incredible destructive potential
[scepter.blurb[1]] -> the ARCHON SCEPTER is fed by the wielder's
[scepter.blurb[2]] -> surrendered memories.
[scepter.blurb[3]] -> Those found wielding one usually claim
[scepter.blurb[4]] -> they own it by birthright. Others cannot
[scepter.blurb[5]] -> recall where they obtained it.
[source_foci.blurb[0]] -> Sorcerers often carry raw elemental
[source_foci.blurb[1]] -> manifestations as SOURCE FOCI, improving
[source_foci.blurb[2]] -> their connection to magical energies.
[source_foci.blurb[3]] -> Each one emits a glow, and readily
[source_foci.blurb[4]] -> provides a channel for rapid evocation
[source_foci.blurb[5]] -> when needed for dealing with threats.
[holy_symbols.blurb[0]] -> Casting out darkness wherever they go,
[holy_symbols.blurb[1]] -> devout thaumaturgists wield HOLY SYMBOLS.
[holy_symbols.blurb[2]] -> Dedicating a prayer with one of these in
[holy_symbols.blurb[3]] -> hand provides its blessing to any willing
[holy_symbols.blurb[4]] -> soul when the magical chant concludes.
[holy_symbols.blurb[5]] -> Taking more time improves the effect.
[dark_icons.blurb[0]] -> DARK ICONS are used by mystics to
[dark_icons.blurb[1]] -> channel their magical arts to lay
[dark_icons.blurb[2]] -> curses against their enemies.
[dark_icons.blurb[3]] -> Each one provides its own malus that
[dark_icons.blurb[4]] -> the caster invokes with whispers,
[dark_icons.blurb[5]] -> hindering enemies from some distance.
[instruments.blurb[0]] -> While mundane on their own, MUSICAL
[instruments.blurb[1]] -> INSTRUMENTS channel magic from the
[instruments.blurb[2]] -> musician's spirit, uplifting friends
[instruments.blurb[3]] -> who are present to hear it.
[instruments.blurb[4]] -> When played with dedication and care,
[instruments.blurb[5]] -> songs hang in the air for a while.
[jewels.blurb[0]] -> JEWELS are valuable and alluring to
[jewels.blurb[1]] -> most intelligent creatures, serving
[jewels.blurb[2]] -> as fine payment for loyal followers.
[jewels.blurb[3]] -> Many jewelers embed their gemstones
[jewels.blurb[4]] -> in gold, enhancing their beauty
[jewels.blurb[5]] -> in addition to their value.

📂 ARCHIVO: lang/compendium_lang/lang_monsters.json
---------------------------------------------------------------------------
[algernon.blurb[0]] -> Due to sparse food, dungeon life isn't easy
[algernon.blurb[1]] -> for rats. However, sometimes a large food
[algernon.blurb[2]] -> source will cause a boom in the population.
[algernon.blurb[4]] -> In such times, a very smart rat
[algernon.blurb[5]] -> emerges as the king.
[algernon.inventory[0]] -> - Emeralds
[algernon.inventory[1]] -> - Meat, Cheese
[artemisia.blurb[0]] -> Banished to the Underworld for betraying
[artemisia.blurb[1]] -> her fellow Eternals, ARTEMISIA uses her
[artemisia.blurb[2]] -> ghostly abilities to be an even more
[artemisia.blurb[3]] -> wily hunter.
[artemisia.blurb[4]] -> Even death could not pry the
[artemisia.blurb[5]] -> magic bow from her grasp.
[artemisia.abilities[0]] -> - Mimic Other
[artemisia.abilities[1]] -> - Levitation
[artemisia.abilities[2]] -> - Teleportation
[artemisia.abilities[3]] -> - Indominable
[artemisia.inventory[1]] -> - Quivers of Silver Ammo
[artemisia.inventory[2]] -> - Spooky Masks
[automaton.blurb[0]] -> A construct devised by the Magicians' Guild,
[automaton.blurb[1]] -> magic and technology have given the
[automaton.blurb[2]] -> AUTOMATON the gift of life as a servant.
[automaton.blurb[4]] -> They have only been known to
[automaton.blurb[5]] -> become violent when commanded.
[automaton.abilities[0]] -> - Salvage
[automaton.abilities[1]] -> - Self Destruct
[baratheon.blurb[0]] -> Fathered by wrath, this dark spirit
[baratheon.blurb[1]] -> seeks those with ambitious purpose.
[baratheon.blurb[3]] -> BARATHEON cares not for its own future,
[baratheon.blurb[4]] -> existing only to keep heroes from their
[baratheon.blurb[5]] -> great destinies.
[baratheon.abilities[0]] -> - Mimic Other
[baratheon.abilities[1]] -> - Levitation
[baratheon.abilities[2]] -> - Teleportation
[baratheon.abilities[3]] -> - Indominable
[baratheon.inventory[0]] -> - Phantom Masks
[baratheon.inventory[1]] -> - Spooky Masks
[bat.blurb[0]] -> Wild blood-sucking bats recently
[bat.blurb[1]] -> infested the Hamlet mines.
[bat.blurb[2]] -> Though small, wild flapping makes BATS
[bat.blurb[3]] -> a hard target for even the most skilled
[bat.blurb[4]] -> adventurers. Expect more than half of
[bat.blurb[5]] -> attacks to miss these dungeon pests!
[bat.abilities[0]] -> - Levitation
[bat.abilities[1]] -> - Evasion
[bat.abilities[2]] -> - Bleeding Attacks
[bat.abilities[3]] -> - Indominable
[bram kindly.blurb[0]] -> The enigmatic master of the Hunters' Guild,
[bram kindly.blurb[1]] -> BRAM KINDLY is said to have disappeared
[bram kindly.blurb[2]] -> while investigating the surge of undead.
[bram kindly.blurb[4]] -> It appears he found exactly
[bram kindly.blurb[5]] -> what he was looking for.
[bram kindly.abilities[0]] -> - Drain Soul
[bram kindly.abilities[1]] -> - Vampiric Aura
[bram kindly.abilities[2]] -> - Indominable
[bram kindly.inventory[0]] -> - Wraith's Gown
[bram kindly.inventory[1]] -> - Magicstaffs of Bleed
[bram kindly.inventory[2]] -> - Vampire Doublet
[bram succubi.blurb[0]] -> Beings of immense power tend to attract
[bram succubi.blurb[1]] -> followers. Verona, Aleera & Marishka
[bram succubi.blurb[2]] -> pledged themselves to a mighty vampire.
[bram succubi.blurb[4]] -> He gladly tutored them in vampiric magics
[bram succubi.blurb[5]] -> inside his grim castle.
[bram succubi.abilities[0]] -> - Charm Monster
[bram succubi.abilities[1]] -> - Teleportation
[bram succubi.inventory[0]] -> - Spellbooks of Bloodletting
[bram succubi.inventory[1]] -> - Magicstaffs of Charm Monster
[bram succubi.inventory[2]] -> - Masquerade Masks
[bubbles.blurb[0]] -> Those who have survived BUBBLES claim that
[bubbles.blurb[1]] -> she isn't a crab at all. Rather, she is
[bubbles.blurb[2]] -> a demonic spirit taking a crab's shape.
[bubbles.blurb[4]] -> She carries with her the
[bubbles.blurb[5]] -> treasure from her victims.
[bubbles.abilities[0]] -> - Poisoned Attacks
[bubbles.abilities[1]] -> - Spray Web
[bubbles.inventory[1]] -> - Ring of Invisibility
[bugbear.blurb[0]] -> These dumb bullies fail to organize
[bugbear.blurb[1]] -> large-scale war against surface humans.
[bugbear.blurb[2]] -> Nevertheless, they do build coalitions
[bugbear.blurb[3]] -> of brutal raiders, and seize settlements.
[bugbear.blurb[4]] -> BUGBEARS often use ruins for homes, and
[bugbear.blurb[5]] -> recently set up camp underneath Hamlet.
[bugbear.abilities[0]] -> - Strafing
[bugbear.abilities[1]] -> - Shield Bash
[bugbear.inventory[0]] -> - Steel Swords/Axes
[bugbear.inventory[1]] -> - Arbalests
[bugbear.inventory[2]] -> - Scutums
[cockatrice.blurb[0]] -> A creature long thought to be extinct, 
[cockatrice.blurb[1]] -> the COCKATRICE is a powerful flying beast.
[cockatrice.blurb[3]] -> Its razor sharp talons make quick work of
[cockatrice.blurb[4]] -> any prey it paralyzes with its breath.
[cockatrice.blurb[5]] -> Its feathers are thought to be magical.
[cockatrice.abilities[0]] -> - Stoneblood
[cockatrice.abilities[1]] -> - Levitation
[cockatrice.abilities[2]] -> - Double Strike
[cockatrice.inventory[0]] -> - Enchanted Feathers
[cockatrice.inventory[1]] -> - Spellbook of Stoneblood
[cockatrice.inventory[2]] -> - Gemstones
[cockatrice.inventory[3]] -> - Potions
[coral grimes.blurb[0]] -> Ghoul hunter CORAL GRIMES and his posse
[coral grimes.blurb[1]] -> rose to fame, but sextons warn that the
[coral grimes.blurb[2]] -> dead keep their compulsions from life.
[coral grimes.blurb[4]] -> Once GRIMES' party was killed, all
[coral grimes.blurb[5]] -> prayed he would not again rise.
[coral grimes.inventory[0]] -> - Bounty Hunter Hat
[coral grimes.inventory[1]] -> - Ruby
[coral grimes.inventory[2]] -> - Meat
[crab.blurb[0]] -> Giant dungeon CRABS
[crab.blurb[1]] -> are patient hunters.
[crab.blurb[3]] -> Their slow metabolism and poison claws
[crab.blurb[4]] -> make them well suited to waiting for prey
[crab.blurb[5]] -> to ambush, eviscerate, and devour.
[crab.abilities[0]] -> - Poisoned Attacks
[crab.abilities[1]] -> - Spray Web
[crystalgolem.blurb[0]] -> The bigger brother of the automaton,
[crystalgolem.blurb[1]] -> the CRYSTAL GOLEM has emerged from
[crystalgolem.blurb[2]] -> an excess of magic material and will.
[crystalgolem.blurb[4]] -> When it raises its arms, it's
[crystalgolem.blurb[5]] -> best to be somewhere else.
[crystalgolem.abilities[0]] -> - Power Strike
[crystalgolem.inventory[0]] -> - Crystal equipment
[crystalgolem.inventory[1]] -> - Gemstones
[demon.blurb[0]] -> Said to be a manifestation of primal
[demon.blurb[1]] -> violence, DEMONS are found near
[demon.blurb[2]] -> the greatest sources of evil. 
[demon.blurb[4]] -> They eviscerate enemies with their claws,
[demon.blurb[5]] -> or roast victims with hellfire first.
[demon.abilities[0]] -> - Fireball
[deudebreau.blurb[0]] -> As foul as demons are, those who climb the
[deudebreau.blurb[1]] -> demonic ranks are fouler still.
[deudebreau.blurb[3]] -> Founder of a vicious fraternity,
[deudebreau.blurb[4]] -> DEU DE'BREAU is always accompanied by an
[deudebreau.blurb[5]] -> entourage of demonic sycophants.
[deudebreau.abilities[0]] -> - Fireball
[devil.blurb[0]] -> The devil BAPHOMET commands the
[devil.blurb[1]] -> surrounding hells to his will, using
[devil.blurb[2]] -> minions, magic, and brimstone.
[devil.blurb[4]] -> He will not permit interlopers
[devil.blurb[5]] -> to quell his ambitions.
[devil.abilities[0]] -> - Fireball Spray
[devil.abilities[1]] -> - Conjure Hellspawn
[devil.abilities[2]] -> - Conjure Shadows
[devil.abilities[3]] -> - Hail of Boulders
[devil.abilities[4]] -> - Indominable
[devil.abilities[5]] -> - Telepathy
[devil.abilities[6]] -> - Lava Portal
[dummybot.blurb[0]] -> The DUMMYBOT is extraordinarily durable.
[dummybot.blurb[1]] -> With proper maintenance, your shielded
[dummybot.blurb[2]] -> companion(s) can serve as a powerful
[dummybot.blurb[3]] -> guardian while you attend to business!
[dummybot.abilities[0]] -> - Taunt
[enslaved ghoul.blurb[0]] -> Those ENSLAVED at death possess a
[enslaved ghoul.blurb[1]] -> supernatural hunger, fueled by hatred
[enslaved ghoul.blurb[2]] -> for their master.
[enslaved ghoul.blurb[4]] -> Consuming the living invigorates them, and
[enslaved ghoul.blurb[5]] -> they move with ferocious speed.
[enslaved ghoul.abilities[0]] -> - Vampiric Aura
[enslaved ghoul.inventory[0]] -> - Meat
[enslaved ghoul.inventory[1]] -> - Miscellaneous tools
[enslaved ghoul.inventory[2]] -> - Blessed Water
[funny bones.blurb[0]] -> An especially cruel mercenary captain
[funny bones.blurb[1]] -> was in charge of mine security and
[funny bones.blurb[2]] -> slave discipline in the mines.
[funny bones.blurb[4]] -> With fine gear and a stern demeanor,
[funny bones.blurb[5]] -> he earned himself an ironic nickname.
[funny bones.inventory[1]] -> - Cloak of Protection
[funny bones.inventory[2]] -> - Eyepatch
[funny bones.inventory[3]] -> - Leather, Wooden, Iron shields/
[funny bones.inventory[4]] ->     helmets
[gharbad.blurb[0]] -> Rarely a goatman lives long enough for its
[gharbad.blurb[1]] -> fur to turn silver, and only somewhat less
[gharbad.blurb[2]] -> rarely, one is born naturally that way.
[gharbad.blurb[4]] -> Whether earned or not, these lucky ones
[gharbad.blurb[5]] -> attract loyal followers.
[gharbad.inventory[0]] -> - Iron, Steel, Crystal armor
[gharbad.inventory[1]] -> - Steel, Crystal Axes/Maces
[gharbad.inventory[2]] -> - Crystal Shurikens
[gharbad.inventory[3]] -> - Steel Chakrams
[gharbad.inventory[4]] -> - Potions of Healing
[gharbad.inventory[5]] -> - Bottles of Booze
[ghost.blurb[0]] -> The Hamlet curse enables a bonded group
[ghost.blurb[1]] -> of adventurers to be together in spirit
[ghost.blurb[2]] -> after death, literally.
[ghost.blurb[4]] -> With persistence, ambient necromancy may
[ghost.blurb[5]] -> cause a body to rematerialize.
[ghost.abilities[0]] -> - Sneak
[ghost.abilities[1]] -> - Push
[ghost.abilities[2]] -> - Haunt
[ghost.abilities[3]] -> - Chill
[ghost.abilities[4]] -> - Callout
[ghost.abilities[5]] -> - Levitation
[ghoul.blurb[0]] -> With a primal hatred for the living, GHOULS
[ghoul.blurb[1]] -> attack when their rest is disturbed.
[ghoul.blurb[3]] -> Nobody quite knows what turns a dead
[ghoul.blurb[4]] -> person into a GHOUL, but some try to
[ghoul.blurb[5]] -> prevent it with certain burial rites.
[ghoul.inventory[0]] -> - Meat
[ghoul.inventory[1]] -> - Miscellaneous tools
[ghoul.inventory[2]] -> - Blessed Water
[gnome.blurb[0]] -> GNOMES are known for their mischief, but 
[gnome.blurb[1]] -> those who become addicted to digging for
[gnome.blurb[2]] -> wealth are beyond hope.
[gnome.blurb[4]] -> One must take care when seeking to
[gnome.blurb[5]] -> plunder a gnome's food and riches.
[gnome.inventory[0]] -> - Pickaxes
[gnome.inventory[1]] -> - Magicstaffs of Lightning
[gnome.inventory[2]] -> - Fish
[gnome.inventory[3]] -> - Pipes
[gnome.inventory[4]] -> - Lanterns
[gnome.inventory[5]] -> - Gemstones
[gnome.inventory[6]] -> - Enchanted Feathers
[gnome thief.blurb[0]] -> When gold-addicted gnomes have none
[gnome thief.blurb[1]] -> to mine, they organize to hunt for it.
[gnome thief.blurb[3]] -> Beware of GNOME THIEF ambushing parties
[gnome thief.blurb[4]] -> who use traps and weapons with deadly
[gnome thief.blurb[5]] -> skill.
[gnome thief.abilities[0]] -> - Lay Trap
[gnome thief.inventory[0]] -> - Steel Swords/Maces
[gnome thief.inventory[1]] -> - Shortbows/Crossbows and Quivers
[gnome thief.inventory[2]] -> - Bycockets (Thief Leader)
[gnome thief.inventory[3]] -> - Hood Of Whispers
[gnome thief.inventory[4]] -> - Bandanas
[gnome thief.inventory[5]] -> - Bandit Masks
[gnome thief.inventory[6]] -> - Mouthknives
[gnome thief.inventory[7]] -> - Beartraps/Tinkered Traps
[gnome thief.inventory[8]] -> - Enchanted Feathers
[goatman.blurb[0]] -> A tribal people from neighboring
[goatman.blurb[1]] -> mountains, GOATMEN are hardy,
[goatman.blurb[2]] -> dull-witted folk.
[goatman.blurb[3]] -> Their culture revolves around drink,
[goatman.blurb[4]] -> though they can be competent in
[goatman.blurb[5]] -> many skills when satiated.
[goatman.inventory[0]] -> - Iron, Steel, Crystal armor
[goatman.inventory[1]] -> - Steel, Crystal Axes/Maces
[goatman.inventory[2]] -> - Miscellaneous magicstaffs
[goatman.inventory[3]] -> - Lanterns, Crystal Shards
[goatman.inventory[4]] -> - Mirror Shields
[goatman.inventory[5]] -> - Steel Chakrams
[goatman.inventory[6]] -> - Potions of Healing
[goatman.inventory[7]] -> - Bottles of Booze
[goblin.blurb[0]] -> Dungeon GOBLINS are similar to humans
[goblin.blurb[1]] -> but live in brutal, savage conditions.
[goblin.blurb[3]] -> While highly resourceful, their minds have
[goblin.blurb[4]] -> atrophied, rendering many of them
[goblin.blurb[5]] -> dependent on raids against humans.
[goblin.inventory[0]] -> - Bronze, Iron Maces/Axes
[goblin.inventory[1]] -> - Shortbows and Quivers
[goblin.inventory[2]] -> - Magicstaffs of Fire
[goblin.inventory[3]] -> - Cloaks of Magic Reflection
[goblin.inventory[4]] -> - Grass Sprigs
[goblin.inventory[5]] -> - Leather, Bronze armor
[goblin.inventory[6]] -> - Cloaks
[goblin.inventory[7]] -> - Animal Hats
[goblin.inventory[8]] -> - Magus Headdresses
[gyrobot.blurb[0]] -> While the airborne GYROBOT can avoid
[gyrobot.blurb[1]] -> most threats, some dangers are
[gyrobot.blurb[2]] -> too large to out-maneuver.
[gyrobot.blurb[3]] -> Curious GYROBOTS may unintentionally
[gyrobot.blurb[4]] -> trigger traps and cease function.
[gyrobot.abilities[0]] -> - Levitation
[gyrobot.abilities[1]] -> - Detection
[gyrobot.abilities[2]] -> - Light
[human.blurb[0]] -> Hamlet commoners once hailed
[human.blurb[1]] -> from many nations to trade
[human.blurb[2]] -> and work together peaceably. 
[human.blurb[4]] -> With proper focus, HUMANS can become
[human.blurb[5]] -> adept in whatever they set their minds to.
[human.inventory[0]] -> - Melee and ranged weaponry
[human.inventory[1]] -> - Leather, Bronze, Iron, Steel
[human.inventory[2]] -> armor
[imp.blurb[0]] -> Terrible mischief makers, IMPS wander
[imp.blurb[1]] -> wherever they can inflict suffering.
[imp.blurb[3]] -> Their wings and magical ability allow them
[imp.blurb[4]] -> to devastate foes, often well out of reach,
[imp.blurb[5]] -> cackling all the while.
[imp.abilities[0]] -> - Fireball
[imp.abilities[1]] -> - Levitation
[imp.inventory[0]] -> - Miscellaneous Spellbooks
[incubus.blurb[0]] -> A curse of pride personified, the INCUBUS
[incubus.blurb[1]] -> obsesses over controlling others.
[incubus.blurb[3]] -> He uses spells and weapons to toy with his
[incubus.blurb[4]] -> victims, though some take a direct approach
[incubus.blurb[5]] -> in their quest for evil.
[incubus.abilities[0]] -> - Teleportation
[incubus.abilities[1]] -> - Steal Weapon
[incubus.inventory[0]] -> - Magicstaffs of Cold
[incubus.inventory[1]] -> - Crossbows
[incubus.inventory[2]] -> - Steel, Crystal polearms
[incubus.inventory[3]] -> - Bottles of Booze
[incubus.inventory[4]] -> - Potions of Confusion
[incubus.inventory[5]] -> - Masquerade Mask
[incubus.inventory[6]] -> - Mirror Shield
[insectoid.blurb[0]] -> Not much is known about the elusive bug
[insectoid.blurb[1]] -> people who roam in remote places.
[insectoid.blurb[3]] -> Their skill and mysterious physiology give
[insectoid.blurb[4]] -> them an edge on the battlefield, striking
[insectoid.blurb[5]] -> fear into many humans.
[insectoid.abilities[0]] -> - Spray Acid
[insectoid.inventory[0]] -> - Iron, Steel, Crystal armor
[insectoid.inventory[1]] -> - Steel, Crystal Swords/Polearms
[insectoid.inventory[2]] -> - Shortbows/Longbows/Compound
[insectoid.inventory[3]] ->     Bows
[insectoid.inventory[4]] -> - Crossbows
[insectoid.inventory[5]] -> - Iron Daggers
[kobold.blurb[0]] -> The KOBOLDS are small, scaly folk, and are
[kobold.blurb[1]] -> notorious cultists and bandits in the region.
[kobold.blurb[3]] -> They have long been a problem for the
[kobold.blurb[4]] -> Magicians' Guild, thanks to their innate
[kobold.blurb[5]] -> magic resistance.
[kobold.abilities[0]] -> - Slow
[kobold.inventory[0]] -> - Iron, Steel melee/ranged
[kobold.inventory[1]] ->     weaponry
[kobold.inventory[2]] -> - Enchanted Feathers
[kobold.inventory[3]] -> - Tin Openers
[kobold.inventory[4]] -> - Towels
[lich.blurb[0]] -> BARON HERX's body is blackened in the
[lich.blurb[1]] -> death of his flesh, but wields immense
[lich.blurb[2]] -> magical power and a dark bond with Hell.
[lich.blurb[4]] -> Those going toe-to-toe with him must be
[lich.blurb[5]] -> well prepared for his spells.
[lich.abilities[0]] -> - Lightning Volley
[lich.abilities[1]] -> - Conjure Hellspawn
[lich.abilities[2]] -> - Command Darkness
[lich.abilities[3]] -> - Levitation
[lich.abilities[4]] -> - Indominable
[lich.abilities[5]] -> - Dash
[lich.inventory[0]] -> - Purple Mystic Orb
[lich.inventory[1]] -> - Gold
[lichfire.blurb[0]] -> ORPHEUS uses his passion to fuel his magic
[lichfire.blurb[1]] -> and likes to dominate his problems
[lichfire.blurb[2]] -> face-to-face.
[lichfire.blurb[4]] -> Big, powerful spells and intimidation
[lichfire.blurb[5]] -> allow him to end things quickly.
[lichfire.abilities[0]] -> - Fireball
[lichfire.abilities[1]] -> - Telepathy
[lichfire.abilities[2]] -> - Levitation
[lichfire.abilities[3]] -> - Indominable
[lichfire.abilities[4]] -> - Call Firestorm
[lichfire.abilities[5]] -> - Teleport
[lichfire.abilities[6]] -> - Blood Field
[lichfire.inventory[0]] -> - Crystal Sword
[lichfire.inventory[1]] -> - Golden Mask
[lichice.blurb[0]] -> ERUDYCE prefers the right spell,
[lichice.blurb[1]] -> placed with severe intent, to turn
[lichice.blurb[2]] -> events in her favor.
[lichice.blurb[4]] -> She lets others face confrontation while
[lichice.blurb[5]] -> staying in control from behind the scenes.
[lichice.abilities[0]] -> - Cold
[lichice.abilities[1]] -> - Levitation
[lichice.abilities[2]] -> - Telepathy
[lichice.abilities[3]] -> - Indominable
[lichice.abilities[4]] -> - Magic Missile Volley
[lichice.abilities[5]] -> - Blood Field
[lichice.abilities[6]] -> - Teleport
[lichice.abilities[7]] -> - Command Automata
[lichice.inventory[0]] -> - Magicstaff of Cold
[lichice.inventory[1]] -> - Magus Headdress
[lilith.blurb[0]] -> A name first given in myth to the primal
[lilith.blurb[1]] -> succubus, those who lead and inspire
[lilith.blurb[2]] -> succubi are sometimes granted this title.
[lilith.blurb[4]] -> Beware her influence, as her foes
[lilith.blurb[5]] -> are known to switch sides.
[lilith.abilities[0]] -> - Charm Monster
[lilith.abilities[1]] -> - Teleportation
[lilith.inventory[0]] -> - Magicstaffs of Charm Monster
[lilith.inventory[1]] -> - Roses
[mimic.blurb[0]] -> Little is understood of a MIMIC'S true 
[mimic.blurb[1]] -> nature, but it's assumed they didn't
[mimic.blurb[2]] -> always look like treasure chests.
[mimic.blurb[4]] -> Further study has been impossible due to
[mimic.blurb[5]] -> them eating researchers and their notes.
[mimic.abilities[0]] -> - Devour Equipment
[mimic.abilities[1]] -> - Indominable
[mimic.inventory[0]] -> - Chest contents
[mimic.inventory[1]] -> - Gold
[minotaur.blurb[0]] -> A huge legendary beast of unknown origin,
[minotaur.blurb[1]] -> the MINOTAUR can break through dungeon
[minotaur.blurb[2]] -> walls and has been enchanted, permitting it
[minotaur.blurb[3]] -> to levitate.
[minotaur.blurb[4]] -> It is ruthless in its pursuit of its master's
[minotaur.blurb[5]] -> enemies.
[minotaur.abilities[0]] -> - Levitation
[minotaur.abilities[1]] -> - Destroy Obstacle
[minotaur.abilities[2]] -> - Telepathy
[minotaur.abilities[3]] -> - Indominable
[minotaur.inventory[0]] -> - High value gemstones
[mysterious shop.blurb[0]] -> This MYSTERIOUS MERCHANT knows things
[mysterious shop.blurb[1]] -> he couldn't possibly know and carries
[mysterious shop.blurb[2]] -> artifacts he couldn't possibly possess.
[mysterious shop.blurb[4]] -> He will trade only if given mystical orbs,
[mysterious shop.blurb[5]] -> if the customer can bear to offer them.
[mysterious shop.abilities[0]] -> - Magic Missile
[mysterious shop.abilities[1]] -> - Indominable
[mysterious shop.abilities[2]] -> - Drain Soul
[mysterious shop.abilities[3]] -> - Bloodletting
[mysterious shop.abilities[4]] -> - Teleportation
[mysterious shop.inventory[0]] -> - Various Shop stock
[potato king.blurb[0]] -> In contrast to his kin, THE POTATO KING
[potato king.blurb[1]] -> appears merry and carefree, though
[potato king.blurb[2]] -> insane.
[potato king.blurb[3]] -> Fellow goblins seem drawn to his chaotic
[potato king.blurb[4]] -> personality, perhaps desperate for levity
[potato king.blurb[5]] -> in the swamps.
[potato king.inventory[1]] -> - Jester Hat
[potato king.inventory[2]] -> - Cloaks of Magic Reflection
[potato king.inventory[3]] -> - Grass Sprigs
[potato king.inventory[4]] -> - Leather, Bronze armor
[potato king.inventory[5]] -> - Cloaks
[rat.blurb[0]] -> The dungeons have bred these RATS for 
[rat.blurb[1]] -> aggression and size.
[rat.blurb[3]] -> While one would be wise to stay wary of 
[rat.blurb[4]] -> swarms and sneaky RATS, usually the sight
[rat.blurb[5]] -> of them means the promise of food.
[rat.inventory[0]] -> - Meat, Cheese
[scarab.blurb[0]] -> The hardy SCARAB is said to bore into dense,
[scarab.blurb[1]] -> magical materials, conveying profound
[scarab.blurb[2]] -> magical resistance into their shells.
[scarab.blurb[4]] -> Their slimy meat is unappealing to some
[scarab.blurb[5]] -> but it is quite nutritious.
[scarab.abilities[0]] -> - Weakness Cursing Attacks
[scarab.inventory[0]] -> - Tomalleys
[scarab.inventory[1]] -> - Low value gemstones
[scorpion.blurb[0]] -> A good shield in skilled hands can block the
[scorpion.blurb[1]] -> deadly paralyzing sting of the SCORPION.
[scorpion.blurb[3]] -> Victims of SCORPIONS usually have a look
[scorpion.blurb[4]] -> of surprise frozen on their faces when the
[scorpion.blurb[5]] -> body is found.
[scorpion.abilities[0]] -> - Paralyzing Attacks
[sentrybot.blurb[0]] -> Often assumed to be a modern invention,
[sentrybot.blurb[1]] -> variants of this SENTRYBOT blueprint have
[sentrybot.blurb[2]] -> been found active among ancient ruins.
[sentrybot.blurb[4]] -> Though easily broken, tinkerers rely
[sentrybot.blurb[5]] -> on sentrybots for high damage output.
[shadow.blurb[0]] -> An evil spirit that wanders, appearing not
[shadow.blurb[1]] -> to have any sense of itself.
[shadow.blurb[3]] -> The SHADOW steals the identity of anyone it
[shadow.blurb[4]] -> encounters, and vainly attempts to replace
[shadow.blurb[5]] -> its target by murdering the original.
[shadow.abilities[0]] -> - Mimic Other
[shadow.abilities[1]] -> - Levitation
[shadow.abilities[2]] -> - Teleportation
[shadow.abilities[3]] -> - Indominable
[shadow.inventory[0]] -> - Spooky Masks
[shelob.blurb[0]] -> Those who have survived SHELOB claim that
[shelob.blurb[1]] -> she isn't a spider at all. Rather, she is
[shelob.blurb[2]] -> a demonic spirit taking a spider's shape.
[shelob.blurb[4]] -> She carries with her the
[shelob.blurb[5]] -> treasure from her victims.
[shelob.abilities[0]] -> - Poisoned Attacks
[shelob.abilities[1]] -> - Spray Web
[shelob.inventory[1]] -> - Ring of Invisibility
[shopkeeper.blurb[0]] -> Good SHOPKEEPERS somehow make their
[shopkeeper.blurb[1]] -> businesses work anywhere.
[shopkeeper.blurb[2]] -> They are picky about what they buy,
[shopkeeper.blurb[3]] -> and do not tolerate burglars.
[shopkeeper.blurb[5]] -> Word travels fast in the Merchants' Guild.
[shopkeeper.abilities[0]] -> - Magic Missile
[shopkeeper.abilities[1]] -> - Drain Soul
[shopkeeper.abilities[2]] -> - Indominable
[shopkeeper.abilities[3]] -> - Bloodletting
[shopkeeper.inventory[0]] -> - Various Shop stock
[skeleton.blurb[0]] -> The cursed remains of a mercenary army,
[skeleton.blurb[1]] -> SKELETONS carry a variety of equipment.
[skeleton.blurb[3]] -> One must take care both when fighting and
[skeleton.blurb[4]] -> looting them, as the battered gear may
[skeleton.blurb[5]] -> harm more than it helps.
[skeleton.inventory[0]] -> - Bronze, Iron Axes/Swords/
[skeleton.inventory[1]] ->     Polearms
[skeleton.inventory[2]] -> - Leather, Wooden, Iron shields/
[skeleton.inventory[3]] ->     helmets
[skrabblag.blurb[0]] -> The exoskeleton of this beast bears
[skrabblag.blurb[1]] -> innumerable splits and scratches from
[skrabblag.blurb[2]] -> battling with weaker prey.
[skrabblag.blurb[3]] -> Naturalists claim that scorpions like
[skrabblag.blurb[4]] -> SKRABBLAG are capable of aging into
[skrabblag.blurb[5]] -> immortality.
[skrabblag.abilities[0]] -> - Paralyzing Attacks
[skrabblag.inventory[0]] -> - Rubies
[slime.blurb[0]] -> Found in a variety of colors, SLIMES are
[slime.blurb[1]] -> mindless entities seeking endless
[slime.blurb[2]] -> consumption.
[slime.blurb[3]] -> They often find themselves sliding through
[slime.blurb[4]] -> pipes or waterways in their search for
[slime.blurb[5]] -> organic matter to liquefy.
[slime.abilities[0]] -> - Waterwalking (Blue/Purple)
[slime.abilities[1]] -> - Lavawalking (Orange)
[slime.abilities[2]] -> - Spray Acid (Green)
[slime.abilities[3]] -> - Spray Water (Blue)
[slime.abilities[4]] -> - Spray Flames (Orange)
[slime.abilities[5]] -> - Spray Tar (Purple)
[slime.abilities[6]] -> - Spray Sludge (Silver)
[spellbot.blurb[0]] -> All automated tinkering mechanisms rely
[spellbot.blurb[1]] -> on magic scrap for limited behaviors.
[spellbot.blurb[3]] -> The SPELLBOT is affixed with a large supply
[spellbot.blurb[4]] -> allowing it to create magic damage.
[spellbot.abilities[0]] -> - Forcebolt
[spellbot.abilities[1]] -> - Magic Missile
[spider.blurb[0]] -> Giant dungeon SPIDERS
[spider.blurb[1]] -> are patient hunters.
[spider.blurb[3]] -> Their slow metabolism and poison fangs
[spider.blurb[4]] -> make them well suited to waiting for prey
[spider.blurb[5]] -> to ambush, eviscerate, and devour.
[spider.abilities[0]] -> - Poisoned Attacks
[spider.abilities[1]] -> - Spray Web
[succubus.blurb[0]] -> A personified curse of lust, the SUCCUBUS
[succubus.blurb[1]] -> is crafty and cruel.
[succubus.blurb[3]] -> She has everything she needs to
[succubus.blurb[4]] -> manipulate others, though some take the
[succubus.blurb[5]] -> independent path in their quest for evil.
[succubus.abilities[0]] -> - Charm Monster
[succubus.abilities[1]] -> - Teleportation
[succubus.inventory[0]] -> - Magicstaffs of Charm Monster
[succubus.inventory[1]] -> - Masquerade Masks
[thumpus.blurb[0]] -> The amiability between trolls and gnomes is
[thumpus.blurb[1]] -> well-documented, but typically the gnomes
[thumpus.blurb[2]] -> enjoy toying with the bigger beasts.
[thumpus.blurb[4]] -> THUMPUS appears to have
[thumpus.blurb[5]] -> earned the gnomes' respect.
[thumpus.inventory[0]] -> - Miscellaneous dungeon floor loot
[thumpus.inventory[1]] -> - Roses
[troll.blurb[0]] -> These nearly blind giants seem to be
[troll.blurb[1]] -> wandering the dungeons by coincidence,
[troll.blurb[2]] -> preferring to live in isolation, even from
[troll.blurb[3]] -> one another.
[troll.blurb[4]] -> Cross one's path and be prepared for a 
[troll.blurb[5]] -> powerful pummeling.
[troll.inventory[0]] -> - Miscellaneous dungeon floor loot
[troll.inventory[1]] -> - Roses
[vampire.blurb[0]] -> In order to maintain their curse of
[vampire.blurb[1]] -> immortality, VAMPIRES must consume the
[vampire.blurb[2]] -> blood of the living.
[vampire.blurb[3]] -> They have wonderous magical abilities,
[vampire.blurb[4]] -> which are said to be gained by forfeiting
[vampire.blurb[5]] -> their very souls.
[vampire.abilities[0]] -> - Drain Soul
[vampire.abilities[1]] -> - Vampiric Aura
[vampire.inventory[0]] -> - Magicstaffs of Bleed
[vampire.inventory[1]] -> - Vampire Doublet
[xyggi.blurb[0]] -> The cult of sorcerers believes that all
[xyggi.blurb[1]] -> intellect is born of magic, claiming that
[xyggi.blurb[2]] -> where you find one, the other will follow.
[xyggi.blurb[4]] -> The scarab, XYGGI, is rumored to have a
[xyggi.blurb[5]] -> threatening amount of both.
[xyggi.abilities[0]] -> - Cold
[xyggi.abilities[1]] -> - Magic Reflection
[xyggi.inventory[0]] -> - Enchanted Feathers
[xyggi.inventory[1]] -> - Tomalleys
[xyggi.inventory[2]] -> - Low value gemstones
[gremlin.blurb[0]] -> GREMLINS are creatures with such taste
[gremlin.blurb[1]] -> for chaos that they could not coexist
[gremlin.blurb[2]] -> with the denizens of Hell itself.
[gremlin.blurb[3]] -> Only goblins suffer their company,
[gremlin.blurb[4]] -> and even then, at arm's length.
[gremlin.blurb[5]] -> NOT TO BE TRUSTED.
[gremlin.abilities[0]] -> - Deface
[gremlin.abilities[1]] -> - Vandalize
[gremlin.inventory[0]] -> - Bone and Blackiron Weapons
[gremlin.inventory[1]] -> - Shawls and Hoods
[dryad.blurb[0]] -> While the origins are unclear, a forest
[dryad.blurb[1]] -> of sufficient size and age is often under
[dryad.blurb[2]] -> the protection of DRYAD conservators.
[dryad.blurb[3]] -> Sightings in any realm are rare, but it
[dryad.blurb[4]] -> is best to remain in their good
[dryad.blurb[5]] -> graces if one finds you.
[dryad.abilities[0]] -> - Roots
[dryad.abilities[1]] -> - Thorns
[dryad.inventory[0]] -> - Nuts
[dryad.inventory[1]] -> - Branch Weapons
[myconid.blurb[0]] -> Wherever you find decay in dryad-
[myconid.blurb[1]] -> protected forests, there you will also
[myconid.blurb[2]] -> find MYCONIDS. While the two aren't
[myconid.blurb[3]] -> hostile to one another, they also do
[myconid.blurb[4]] -> not appear to cohabitate. Beware caves
[myconid.blurb[5]] -> full of mushrooms that may be guarded.
[myconid.abilities[0]] -> - Spores
[myconid.inventory[0]] -> - Mushroom Slices
[myconid.inventory[1]] -> - Bone Weapons
[salamander.blurb[0]] -> Legends say that SALAMANDERS carry the
[salamander.blurb[1]] -> fires of loyalty and justice with fierce
[salamander.blurb[2]] -> devotion to the Eternals in their hearts.
[salamander.blurb[3]] -> When enraged, they appear as blazing
[salamander.blurb[4]] -> angels, but rely on sturdy tradition
[salamander.blurb[5]] -> during times of lower passion.
[salamander.abilities[0]] -> - Breathe Fire
[salamander.abilities[1]] -> - Radiant Form
[salamander.abilities[2]] -> - Stone Form
[salamander.inventory[0]] -> - Silver Weapons and Armor
[salamander.inventory[1]] -> - Claymores
[salamander.inventory[2]] -> - Holy Symbols
[revenant_skull.blurb[0]] -> A product of dark mysticism, the
[revenant_skull.blurb[1]] -> REVENANT SKULL is summoned by piercing
[revenant_skull.blurb[2]] -> void just as a cursed soul crosses over.
[revenant_skull.blurb[3]] -> Though useful, it's considered by the
[revenant_skull.blurb[4]] -> cult of sorcerers to be an
[revenant_skull.blurb[5]] -> incomplete spell.
[revenant_skull.abilities[0]] -> - Levitate
[revenant_skull.abilities[1]] -> - Slow
[fire sprite.blurb[0]] -> Whether through naivety or mischief,
[fire sprite.blurb[1]] -> FIRE SPRITES like to bless others with
[fire sprite.blurb[2]] -> a gift of burning flames. Novice
[fire sprite.blurb[3]] -> sorcerers can learn a lot from them, as
[fire sprite.blurb[4]] -> their temprament is the calmest of the
[fire sprite.blurb[5]] -> fire spirits. A slow burn, if you will.
[fire sprite.abilities[0]] -> - Levitate
[fire sprite.abilities[1]] -> - Fire Dart
[earth_elemental.blurb[0]] -> The stubborn EARTH SPRITE requires the
[earth_elemental.blurb[1]] -> talents of a skilled mystic to conjure.
[earth_elemental.blurb[2]] -> After being lured into local earth, it
[earth_elemental.blurb[3]] -> crashes down and serves as a
[earth_elemental.blurb[4]] -> durable guardian for as long
[earth_elemental.blurb[5]] -> as its form holds shape.
[earth_elemental.abilities[0]] -> - Cave In
[earth_elemental.abilities[1]] -> - Levitation
[earth_elemental.abilities[2]] -> - Spin (self)
[earth_elemental.abilities[3]] -> - Block
[duck.blurb[0]] -> Like many birds, DUCKS are territorial,
[duck.blurb[1]] -> and loyal to their partners for life.
[duck.blurb[2]] -> They will courageously pester deadly
[duck.blurb[3]] -> threats, and are surprisingly deft at
[duck.blurb[4]] -> avoiding harm. Ducks may become
[duck.blurb[5]] -> distracted by fishing opportunities.
[duck.abilities[0]] -> - Distract
[duck.abilities[1]] -> - Levitation
[duck.abilities[2]] -> - Invulnerable

📂 ARCHIVO: lang/compendium_lang/lang_world.json
---------------------------------------------------------------------------
[arcane citadel.blurb[0]] -> Constructed according to an architectural
[arcane citadel.blurb[1]] -> master plan, the CITADEL is arranged as
[arcane citadel.blurb[2]] -> though it is a grand university.
[arcane citadel.blurb[4]] -> Only access to extremely powerful magic
[arcane citadel.blurb[5]] -> can justify its grandeur.
[arcane citadel.details[0]] -> INHABITANTS:
[arcane citadel.details[1]] -> Goatmen, Automatons, Incubi,
[arcane citadel.details[2]] -> Vampires, Crystal Golems, Cockatrices,
[arcane citadel.details[3]] -> Shadows
[arcane citadel.details[5]] -> This rigidly organized structure
[arcane citadel.details[6]] -> may be more challenging to navigate
[arcane citadel.details[7]] -> than other dungeons and labyrinths
[arcane citadel.details[8]] -> due to closed gates and dead-ends.
[arcane citadel.details[10]] -> A good source of dig and the open spell
[arcane citadel.details[11]] -> can simplify exploration considerably.
[arcane citadel.details[13]] -> Take care not to be cornered by large
[arcane citadel.details[14]] -> enemies like the cockatrice and golem.
[arrow trap.blurb[0]] -> First thought to be created by goblins,
[arrow trap.blurb[1]] -> these complex mechanisms are now known
[arrow trap.blurb[2]] -> to predate them.
[arrow trap.blurb[4]] -> However, they have been repurposed by
[arrow trap.blurb[5]] -> resourceful goblin craftsfolk.
[arrow trap.details[0]] -> Unless the dungeon is unnaturally,
[arrow trap.details[1]] -> dark, arrow traps always have two
[arrow trap.details[2]] -> torches fixed to the face.
[arrow trap.details[4]] -> Each trap is filled with a random
[arrow trap.details[5]] -> type of ammo to afflict their target.
[arrow trap.details[6]] -> This ammo can be pilfered using a
[arrow trap.details[7]] -> lockpick, if the user is skilled
[arrow trap.details[8]] -> in tinkering, disabling the trap.
[arrow trap.details[10]] -> Arrow traps may also be disarmed
[arrow trap.details[11]] -> by tossing an item in front of the trap.
[arrow trap.details[12]] -> They can only fire arrows five times.
[bell.blurb[0]] -> Many towns and cities make use of BELLS
[bell.blurb[1]] -> to draw the attention of inhabitants,
[bell.blurb[2]] -> lifting spirits for collective events.
[bell.blurb[4]] -> Old bells that haven't been maintained
[bell.blurb[5]] -> will sometimes fail spectacularly.
[bell.details[0]] -> FOUND IN:
[bell.details[1]] -> - The Ruins
[bell.details[2]] -> - The Citadel
[bell.details[4]] -> BELL USE EFFECTS:
[bell.details[5]] -> - Stamina (1 Minute)
[bell.details[6]] -> - Agility (1 Minute)
[bell.details[7]] -> - Mentality (1 Minute)
[bell.details[8]] -> - Strength (1 Minute)
[bell.details[9]] -> - HP/MP Restoration
[bell.details[10]] -> - Attracts NPCs within 15 tiles
[bell.details[12]] -> SPAWN POSSIBILITIES:
[bell.details[13]] -> - 25% Spellbook hidden inside
[bell.details[14]] -> - 25% Gold hidden inside
[bell.details[15]] -> - 25% Bats hidden inside
[bell.details[17]] -> It's usually a good idea to ring a bell,
[bell.details[18]] -> if you're not afraid of a fight!
[bell.details[19]] -> Each bell will always provide the same
[bell.details[20]] -> effect to those who are close enough
[bell.details[21]] -> to be inspired by its song. Standing so
[bell.details[22]] -> close is not without risk, as bats may
[bell.details[23]] -> spill out or the structure may fail
[bell.details[24]] -> unexpectedly!
[bell.details[26]] -> Falling bells deal 80 damage to those
[bell.details[27]] -> caught in it's path. The low-hanging
[bell.details[28]] -> bell can also be used to deal damage
[bell.details[29]] -> to an over-confident minotaur.
[boulder trap.blurb[0]] -> Heralded by dark holes in the ceiling,
[boulder trap.blurb[1]] -> some say the huge stones are the result
[boulder trap.blurb[2]] -> of cave-ins from excavated earth.
[boulder trap.blurb[4]] -> Others theorize that they are a
[boulder trap.blurb[5]] -> punishment from the gods themselves.
[boulder trap.details[0]] -> Boulders deal 80 damage, regardless
[boulder trap.details[1]] -> of the victim's armor or constitution.
[boulder trap.details[2]] -> If they're not killed by a boulder, it
[boulder trap.details[3]] -> will shatter into several rocks.
[boulder trap.details[5]] -> Boulders will only roll straight
[boulder trap.details[6]] -> North, South, East or West.
[boulder trap.details[8]] -> Boulders that would block the exit
[boulder trap.details[9]] -> are shattered by the gods, leaving
[boulder trap.details[10]] -> behind a lucky rock in its rubble.
[boulder trap.details[12]] -> Most boulder traps can be triggered
[boulder trap.details[13]] -> by throwing an object under the hole.
[brams castle.blurb[0]] -> While inaccessible by mundane means,
[brams castle.blurb[1]] -> this manor lies somewhere in the depths
[brams castle.blurb[2]] -> of the Citadel's machinery. It seems that
[brams castle.blurb[3]] -> immortals like their own spaces away
[brams castle.blurb[4]] -> from prying eyes.
[brams castle.details[0]] -> SECRET LEVEL TREASURES:
[brams castle.details[1]] -> - Wraith's Gown
[brams castle.details[3]] -> Bram's Castle is more of a home and
[brams castle.details[4]] -> less of a fortress. While his servants
[brams castle.details[5]] -> will put up a fight, adventurers will
[brams castle.details[6]] -> have the opportunity to manage each
[brams castle.details[7]] -> room, eventually facing the vampire
[brams castle.details[8]] -> at the top of the castle.
[brams castle.details[10]] -> Take care not to let the tight halls
[brams castle.details[11]] -> overwhelm you. Be warned that the
[brams castle.details[12]] -> upper floors are off-limits to many
[brams castle.details[13]] -> bestial followers.
[breakable barriers.blurb[0]] -> Some barriers may appear impassable
[breakable barriers.blurb[1]] -> at first, but their integrity is such
[breakable barriers.blurb[2]] -> that a few strong hits can break
[breakable barriers.blurb[3]] -> open the way. Depending on the material,
[breakable barriers.blurb[4]] -> they have different weaknesses.
[breakable barriers.details[0]] -> BARRIER TYPES:
[breakable barriers.details[1]] -> - Wood
[breakable barriers.details[2]] ->    Flammable, takes extra damage
[breakable barriers.details[3]] ->    from axes and unarmed attacks.
[breakable barriers.details[4]] -> - Brick & Stone
[breakable barriers.details[5]] ->    Takes extra damage from maces.
[breakable barriers.details[6]] -> - Cordage (webs and thicket)
[breakable barriers.details[7]] ->    Flammable, takes extra damage
[breakable barriers.details[8]] ->    from axes and swords.
[breakable barriers.details[10]] -> All breakable barrier types take
[breakable barriers.details[11]] -> full damage from force, lightning
[breakable barriers.details[12]] -> and fire spell attacks, but they
[breakable barriers.details[13]] -> are immune to cold.
[brimstone boulder.blurb[0]] -> Boulders are threatening enough,
[brimstone boulder.blurb[1]] -> but veins of brimstone allow this
[brimstone boulder.blurb[2]] -> hellish variety to roll over lava.
[brimstone boulder.blurb[3]] -> They'll also detonate in a
[brimstone boulder.blurb[4]] -> fiery explosion on contact.
[brimstone boulder.blurb[5]] -> AVOID.
[brimstone boulder.details[0]] -> Summoning brimstone boulders is
[brimstone boulder.details[1]] -> a power unique to Baphomet, dealing
[brimstone boulder.details[2]] -> 50 damage regardless of the victim's
[brimstone boulder.details[3]] -> armor or constitution.
[brimstone boulder.details[5]] -> Upon impact, brimstone boulders
[brimstone boulder.details[6]] -> explode into a column of flames
[brimstone boulder.details[7]] -> dealing additional magic damage.
[brimstone boulder.details[9]] -> On the molten throne, these give
[brimstone boulder.details[10]] -> Baphomet a particular edge, as the
[brimstone boulder.details[11]] -> pools of lava he uses to traverse
[brimstone boulder.details[12]] -> are no longer shelters from the
[brimstone boulder.details[13]] -> rolling destruction.
[brimstone boulder.details[15]] -> An adventurer who levitates can
[brimstone boulder.details[16]] -> still nonetheless avoid the boulders,
[brimstone boulder.details[17]] -> while they continue to crush through
[brimstone boulder.details[18]] -> the very minions he has summoned.
[ceiling trap.blurb[0]] -> By tapping directly into magical energy
[ceiling trap.blurb[1]] -> from the crystal-dense ceilings, these
[ceiling trap.blurb[2]] -> security systems can hinder invaders
[ceiling trap.blurb[3]] -> with almost no maintenance cost.
[ceiling trap.blurb[5]] -> An innovation available in several varieties.
[ceiling trap.details[0]] -> CEILING TRAP TYPES:
[ceiling trap.details[1]] -> - Forcebolt
[ceiling trap.details[2]] -> - Cold
[ceiling trap.details[3]] -> - Fireball
[ceiling trap.details[4]] -> - Lightning
[ceiling trap.details[5]] -> - Magic Missile
[ceiling trap.details[6]] -> - Sleep
[ceiling trap.details[7]] -> - Slow
[ceiling trap.details[8]] -> - Confuse
[ceiling trap.details[10]] -> Though simliar to magic traps, the
[ceiling trap.details[11]] -> ceiling trap can't be destroyed.
[ceiling trap.details[13]] -> Dropped items can fool the trap, but it
[ceiling trap.details[14]] -> will fire continuously. Time between
[ceiling trap.details[15]] -> each spell permits dodging through.
[chest.blurb[0]] -> CHESTS may hold valuable treasures that
[chest.blurb[1]] -> will aid adventurers. Equipment within
[chest.blurb[2]] -> is never cursed. Unfortunately, before
[chest.blurb[3]] -> opening, chests are indistinguishable
[chest.blurb[4]] -> from mimics.
[chest.details[0]] -> CHEST TYPES:
[chest.details[1]] -> - 13.5% Weaponry and Armor
[chest.details[2]] -> - 13.5% Scrolls and Magic Supplies
[chest.details[3]] -> - 13.5% Potions and Alchemy Supplies
[chest.details[4]] -> - 13.5% Tools and Tinkering Supplies
[chest.details[5]] -> - 13.5% Jewels and Enchanted Jewelry
[chest.details[6]] -> - 13.5% Foodstuffs
[chest.details[7]] -> - 13.5% Random Items
[chest.details[8]] -> - 5.5% Empty/Garbage
[chest.details[10]] -> Items found inside chests are usually
[chest.details[11]] -> of a higher quality than those found
[chest.details[12]] -> scattered along the dungeon floors,
[chest.details[13]] -> often uncursed.
[chest.details[15]] -> Chests usually have a 10% chance of
[chest.details[16]] -> of being locked and a 5% chance of
[chest.details[17]] -> being mimics.
[chest.details[19]] -> When unlocked with tinkering skill
[chest.details[20]] -> using a lockpick, a chest's locking
[chest.details[21]] -> mechanism is salvaged, yielding
[chest.details[22]] -> magic and metal scrap in the chest.
[citadel sanctum.blurb[0]] -> In the core of the Citadel, its nature
[citadel sanctum.blurb[1]] -> is revealed as a gigantic magical device,
[citadel sanctum.blurb[2]] -> created to open up rifts to another
[citadel sanctum.blurb[3]] -> dimension with forbidden magic.
[citadel sanctum.blurb[5]] -> Its creators will protect it at all costs.
[citadel sanctum.details[0]] -> Orpheus and Erudyce had substantial
[citadel sanctum.details[1]] -> magical talent Herx never did when
[citadel sanctum.details[2]] -> he received the evil powers that
[citadel sanctum.details[3]] -> turned him into a lich.
[citadel sanctum.details[5]] -> Expect this pair to be far more
[citadel sanctum.details[6]] -> formidable with their spells in combat,
[citadel sanctum.details[7]] -> especially with their more recent
[citadel sanctum.details[8]] -> submission to evil magic.
[citadel sanctum.details[10]] -> Erudyce's cold spells will make it easier
[citadel sanctum.details[11]] -> for her brother to catch you in melee!
[citadel sanctum.details[13]] -> Each sibling will become enraged if
[citadel sanctum.details[14]] -> their counterpart is killed, enhancing
[citadel sanctum.details[15]] -> their combat prowess. Think ahead!
[cockatrice lair.blurb[0]] -> While no symbiosis between these scaly
[cockatrice lair.blurb[1]] -> creatures is known, Cockatrices and
[cockatrice lair.blurb[2]] -> Kobolds are historically depicted
[cockatrice lair.blurb[3]] -> together by Kobold tribal art. It is
[cockatrice lair.blurb[4]] -> thought they worship the beasts.
[cockatrice lair.details[0]] -> SECRET LEVEL TREASURES:
[cockatrice lair.details[1]] -> - Dragon's Mail
[cockatrice lair.details[3]] -> This fiercely guarded kobold maze
[cockatrice lair.details[4]] -> is the greatest known example of
[cockatrice lair.details[5]] -> their ingenuity and culture.
[cockatrice lair.details[7]] -> Frought with traps and puzzles,
[cockatrice lair.details[8]] -> this lair is designed to keep intruders
[cockatrice lair.details[9]] -> out.
[cockatrice lair.details[11]] -> Strong enchantments prevent
[cockatrice lair.details[12]] -> teleporting, dig, open, and levitation.
[cockatrice lair.details[13]] -> Those seeking treasure must navigate
[cockatrice lair.details[14]] -> these tunnels the hard way, and hope
[cockatrice lair.details[15]] -> they can escape.
[containers.blurb[0]] -> Dungeon denizens often gather
[containers.blurb[1]] -> belongings into containers or
[containers.blurb[2]] -> hide them away in sheltered spots.
[containers.blurb[4]] -> Gold and items may be found when
[containers.blurb[5]] -> bashing fragile objects open.
[containers.details[0]] -> The contents of a breakable container
[containers.details[1]] -> varies greatly depending on where it's
[containers.details[2]] -> found.
[containers.details[4]] -> What remains most consistent is a
[containers.details[5]] -> handful of coins, or a random item
[containers.details[6]] -> squirreled away.
[containers.details[8]] -> Rarely, a small creature, or even a
[containers.details[9]] -> small group may be tucked inside for
[containers.details[10]] -> shelter.
[crystal caves.blurb[0]] -> While this rich source of extremely
[crystal caves.blurb[1]] -> rare crystal was only recently discovered,
[crystal caves.blurb[2]] -> the Magicians' Guild archmagisters
[crystal caves.blurb[3]] -> quickly sealed it off, for Hamlet's
[crystal caves.blurb[4]] -> safety, of course.
[crystal caves.details[0]] -> INHABITANTS:
[crystal caves.details[1]] -> Kobolds, Scarabs, Insectoids,
[crystal caves.details[2]] -> Automatons, Incubi, Crystal Golems,
[crystal caves.details[3]] -> Cockatrices
[crystal caves.details[5]] -> NEW TRAP:
[crystal caves.details[6]] -> Ceiling Trap
[crystal caves.details[8]] -> The crystal within these caves gives
[crystal caves.details[9]] -> many of its denizens intense power
[crystal caves.details[10]] -> beyond what is naturally possible.
[crystal caves.details[12]] -> Confident adventurers coming from
[crystal caves.details[13]] -> the ruins would be wise to exercise
[crystal caves.details[14]] -> greater caution with new foes.
[daedalus.blurb[0]] -> Closely bound to the minotaur,
[daedalus.blurb[1]] -> DAEDALUS SHRINES seem to always be
[daedalus.blurb[2]] -> nearby when the minotaur is on the hunt.
[daedalus.blurb[4]] -> Savvy adventurers can touch them to
[daedalus.blurb[5]] -> reveal hope for a speedy escape.
[daedalus.details[0]] -> These shrines turn to point to the
[daedalus.details[1]] -> primary exit when touched, sending a
[daedalus.details[2]] -> divining beam forth in that direction.
[daedalus.details[3]] -> This also reveals the map between the
[daedalus.details[4]] -> shrine and the exit!
[daedalus.details[6]] -> If activated within 30 seconds before
[daedalus.details[7]] -> the minotaur's arrival, the shrine
[daedalus.details[8]] -> boosts the user's escape with an
[daedalus.details[9]] -> additional blessing of speed.
[daedalus.details[11]] -> Adventurers exploring together may
[daedalus.details[12]] -> find a bit more confidence splitting
[daedalus.details[13]] -> up where the minotaur is known to
[daedalus.details[14]] -> hunt, thanks to those who honor
[daedalus.details[15]] -> Daedalus.
[door.blurb[0]] -> It opens, it closes, and
[door.blurb[1]] -> may sometimes be locked!
[door.blurb[3]] -> Unlike the stubborn gate, DOORS can
[door.blurb[4]] -> be picked or bashed open. Monsters bash
[door.blurb[5]] -> through doors, if too dumb to open them.
[door.details[0]] -> While the lock spell can prevent
[door.details[1]] -> monsters from opening doors easily,
[door.details[2]] -> most don't have trouble bashing
[door.details[3]] -> through them anyway.
[door.details[4]] -> Doors are not a reliable way to keep
[door.details[5]] -> out monsters, even if locked.
[door.details[7]] -> Lockpicking a sealed door is usually
[door.details[8]] -> faster than bashing it, while providing
[door.details[9]] -> tinkering skill practice.
[door.details[11]] -> Doors take extra damage from axes
[door.details[12]] -> or unarmed strikes, if trained.
[door.details[13]] -> Damaging spells may also be effective.
[fountain.blurb[0]] -> FOUNTAIN waters refresh or apply magic
[fountain.blurb[1]] -> to an adventurer. They've also been known
[fountain.blurb[2]] -> to summon a succubus or incubus.
[fountain.blurb[4]] -> Magic doesn't come without peril.
[fountain.details[0]] -> FOUNTAIN USE POSSIBILITIES:
[fountain.details[1]] -> - 40% Apply a Random Potion Effect
[fountain.details[2]] -> - 30% Restore 5 HP, +Satiation
[fountain.details[3]] -> - 20% Summon Succubus/Incubus:
[fountain.details[4]] ->     Level 1-10:
[fountain.details[5]] ->         - Succubus (100%)
[fountain.details[6]] ->     Level 11-20/Underworld:
[fountain.details[7]] ->         - Succubus (50%)
[fountain.details[8]] ->         - Lesser Incubus (50%)
[fountain.details[9]] ->     Level 21+:
[fountain.details[10]] ->         - Incubus (100%)
[fountain.details[11]] -> - 7.5% Bless 1 Piece of Worn Equipment
[fountain.details[12]] -> - 2.5% Bless All Worn Equipment
[fountain.details[14]] -> Those skilled in alchemy avoid the
[fountain.details[15]] -> summoning of a foocubus when filling
[fountain.details[16]] -> a bottle with fountain liquids.
[fountain.details[18]] -> The otherworldly presence causes the
[fountain.details[19]] -> fountain to refill, allowing multiple
[fountain.details[20]] -> attempts to collect more potions.
[gnomish mines.blurb[0]] -> If the mines beneath Hamlet ever held
[gnomish mines.blurb[1]] -> gold, stories about it may've begun here.
[gnomish mines.blurb[3]] -> When a debt of gnomes descends on the hunt
[gnomish mines.blurb[4]] -> for riches, their greed cannot be satisfied.
[gnomish mines.details[0]] -> SECRET LEVEL TREASURES:
[gnomish mines.details[1]] -> - Sphinx's Casque
[gnomish mines.details[2]] -> - Dozens of gold veins to mine
[gnomish mines.details[4]] -> The greatest reward to be found
[gnomish mines.details[5]] -> here may be the experience earned
[gnomish mines.details[6]] -> by slaying so many gnomes!
[gnomish mines.details[8]] -> Lightning magicstaffs carried by
[gnomish mines.details[9]] -> gnomes are deadly, but proper
[gnomish mines.details[10]] -> ambushes can put the staffs in the
[gnomish mines.details[11]] -> hands of the adventurers, and turn
[gnomish mines.details[12]] -> the tides in their favor.
[gnomish mines.details[13]] -> Be sneaky to survive.
[gravestone.blurb[0]] -> Often chiseled with epitaphs, a GRAVE
[gravestone.blurb[1]] -> may result in a ghoul rising from the
[gravestone.blurb[2]] -> earth when disturbed. Some adventurers
[gravestone.blurb[3]] -> relish the opportunity to slay, or
[gravestone.blurb[4]] -> perhaps befriend, emergent undead.
[gravestone.details[0]] -> GRAVESTONE USE POSSIBILITIES:
[gravestone.details[1]] -> - 25% Disturb Ghoul
[gravestone.details[3]] ->         - Ghoul
[gravestone.details[4]] ->     Level 16+/Haunted Castle:
[gravestone.details[5]] ->         - Enslaved Ghoul
[gravestone.details[7]] -> If a ghoul is not disturbed by reading
[gravestone.details[8]] -> the gravestone's epitaph, it otherwise
[gravestone.details[9]] -> only acts as an obstacle.
[gravestone.details[11]] -> If a trap or puzzle activates a
[gravestone.details[12]] -> gravestone, it will always produce
[gravestone.details[13]] -> an undead ghoul.
[hall of trials.blurb[0]] -> Founded by unaffiliated adventurers,
[hall of trials.blurb[1]] -> the HALL OF TRIALS was established shortly
[hall of trials.blurb[2]] -> after Herx's imprisonment in the Devils'
[hall of trials.blurb[3]] -> Bastion. Nobody knows what became of
[hall of trials.blurb[4]] -> its benefactors.
[hall of trials.details[0]] -> While some adventurers seek to earn
[hall of trials.details[1]] -> diplomas from the Hall of Trials all
[hall of trials.details[2]] -> at once, many prefer to revisit the
[hall of trials.details[3]] -> mysterious academy from time to time,
[hall of trials.details[4]] -> mastering disciplines gradually.
[hall of trials.details[6]] -> The greatest thing to be gained here
[hall of trials.details[7]] -> is knowledge. Student awards can
[hall of trials.details[8]] -> open more learning opportunities.
[hall of trials.details[10]] -> While no single guild built it,
[hall of trials.details[11]] -> the Hall of Trials is the first effort
[hall of trials.details[12]] -> of the movement of united guilds,
[hall of trials.details[13]] -> whose objective is to defeat chaos.
[hamlet.blurb[0]] -> The reclaimed HAMLET has been
[hamlet.blurb[1]] -> hastily renovated by the recently
[hamlet.blurb[2]] -> freed prisoners of the mines.
[hamlet.blurb[4]] -> In this district nearest the Minehead,
[hamlet.blurb[5]] -> the Magicians' Guild holds high prominence.
[hamlet.details[0]] -> Friendly heroes have unparalleled
[hamlet.details[1]] -> access to these kinds of Hamlet shops:
[hamlet.details[2]] -> - 2x Arms & Armor
[hamlet.details[3]] -> - General Store
[hamlet.details[4]] -> - Jeweler
[hamlet.details[5]] -> - Magicstaff
[hamlet.details[6]] -> - Bookstore
[hamlet.details[7]] -> - Alchemist
[hamlet.details[8]] -> - Delicatessen
[hamlet.details[10]] -> Monsters traveling to Hamlet will be
[hamlet.details[11]] -> attacked on sight. The inn bunkroom
[hamlet.details[12]] -> conveniently hosts a sewer entrance,
[hamlet.details[13]] -> through which one can travel safely
[hamlet.details[14]] -> to the back of the Magicians' Guild.
[hamlet.details[16]] -> Hidden below, there are polymorph
[hamlet.details[17]] -> potions, allowing them to shop freely.
[haunted castle.blurb[0]] -> Before he was sealed away, the citizens
[haunted castle.blurb[1]] -> of Hamlet were enslaved by the Baron
[haunted castle.blurb[2]] -> to build this CASTLE for him to occupy.
[haunted castle.blurb[4]] -> The walls were formed by stone
[haunted castle.blurb[5]] -> excavated by the miners.
[haunted castle.details[0]] -> SECRET LEVEL TREASURES:
[haunted castle.details[1]] -> - Oracle's Treads
[haunted castle.details[2]] -> - Hidden treasure chests
[haunted castle.details[3]] -> - 4 Potions of levitation
[haunted castle.details[5]] -> Ghouls here are cursed to defend
[haunted castle.details[6]] -> the Baron's possessions, and rise when
[haunted castle.details[7]] -> his things are disturbed. Prior to
[haunted castle.details[8]] -> looting, plan the escape or defense!
[haunted castle.details[10]] -> Secret treasure chests are
[haunted castle.details[11]] -> hidden behind a waterfall.
[haunted castle.details[12]] -> Explore the castle towers thoroughly
[haunted castle.details[13]] -> and find how to reveal the way.
[hell.blurb[0]] -> A dimension crafted for human suffering,
[hell.blurb[1]] -> but also home to many magical beasts
[hell.blurb[2]] -> and monsters.
[hell.blurb[4]] -> Here vile devils seek ways to dominate
[hell.blurb[5]] -> the realms of mortals and immortals alike.
[hell.details[0]] -> INHABITANTS:
[hell.details[1]] -> Succubi, Incubi, Imps, Demons,
[hell.details[2]] -> Shadows, Goatmen
[hell.details[4]] -> NEW TRAP:
[hell.details[5]] -> Summoning Trap
[hell.details[7]] -> Few survive Hell for long.
[hell.details[8]] -> Dodge spells with swift feet while
[hell.details[9]] -> watching for spike traps. Arrows traps
[hell.details[10]] -> might push adventurers into lava!
[hell.details[12]] -> To survive one must think quickly.
[hell.details[13]] -> Cure ailment will aleviate burning.
[herx lair.blurb[0]] -> The ancient ruins descend into a place
[herx lair.blurb[1]] -> that channels the flow of primordial power.
[herx lair.blurb[3]] -> Those with the will to control it can
[herx lair.blurb[4]] -> exert their influence here, as the
[herx lair.blurb[5]] -> veil between realms is thin.
[herx lair.details[0]] -> If an adventurer brings mystic orbs
[herx lair.details[1]] -> to this place, they can be placed on
[herx lair.details[2]] -> pedestals in the northern rooms:
[herx lair.details[3]] -> - Green Orb improves DEX and PER
[herx lair.details[4]] -> - Red Orb improves STR and CON
[herx lair.details[5]] -> - Blue Orb improves INT and Magic
[herx lair.details[6]] ->     Resistance
[herx lair.details[8]] -> Herx waits to surprise his foes
[herx lair.details[9]] -> until they are approaching the
[herx lair.details[10]] -> middle of his arena. Keep allies
[herx lair.details[11]] -> on the outer edge of the room and
[herx lair.details[12]] -> give yourself time to prepare.
[herx lair.details[13]] -> Magic Reflection is recommended.
[hunters guild.blurb[0]] -> Founded by simple pioneers,
[hunters guild.blurb[1]] -> the HUNTERS' GUILD now employs Rogues,
[hunters guild.blurb[2]] -> Hunters, and Ninjas who are capable of
[hunters guild.blurb[3]] -> snuffing out terrifying threats with
[hunters guild.blurb[4]] -> well-organized efficiency.
[hunters guild.details[0]] -> Members of the hunters' guild rely on
[hunters guild.details[1]] -> ambushing to do their good work. They
[hunters guild.details[2]] -> regard this as the least costly,
[hunters guild.details[3]] -> the least risky, and thus the most
[hunters guild.details[4]] -> moral method to serve civilization.
[hunters guild.details[6]] -> Members offer death as their first
[hunters guild.details[7]] -> solution. This has earned them a
[hunters guild.details[8]] -> reputation as death worshippers.
[hunters guild.details[10]] -> In their own words:
[hunters guild.details[11]] ->    Death is necessary for life.
[hunters guild.details[12]] ->    Our duty is to choose the
[hunters guild.details[13]] ->    right recipients for each.
[labyrinth.blurb[0]] -> Geomancers theorize that the waters
[labyrinth.blurb[1]] -> of the Swamps once burbled up from
[labyrinth.blurb[2]] -> a massive subterranean ocean.
[labyrinth.blurb[4]] -> However, miners found only dry sand
[labyrinth.blurb[5]] -> and ruins in the depths below.
[labyrinth.details[0]] -> INHABITANTS:
[labyrinth.details[1]] -> Scarabs, Scorpions, Lesser Insectoids,
[labyrinth.details[2]] -> Goblins, Trolls
[labyrinth.details[4]] -> NEW TRAP:
[labyrinth.details[5]] -> Spike Trap
[labyrinth.details[7]] -> With large, winding mazes, the
[labyrinth.details[8]] -> labyrinths are quite deadly when
[labyrinth.details[9]] -> paired with two threats:
[labyrinth.details[10]] -> Starvation and minotaurs.
[labyrinth.details[11]] -> Magic mapping can help with speedy
[labyrinth.details[12]] -> exploration. Bring a method for
[labyrinth.details[13]] -> digging to open hidden paths.
[lava.blurb[0]] -> It's liquid-hot magma!
[lava.blurb[2]] -> Anything that falls in is
[lava.blurb[3]] -> engulfed in flame and destroyed,
[lava.blurb[4]] -> including clumsy adventurers.
[lava.details[0]] -> Lava is a deadly obstacle with
[lava.details[1]] -> little reason to attempt swimming in
[lava.details[2]] -> it, setting ablaze whatever enters.
[lava.details[4]] -> Automatons who really want to
[lava.details[5]] -> increase their temperature might
[lava.details[6]] -> find a short dip to be useful - in spite
[lava.details[7]] -> of the rapid damage that lava causes.
[lava.details[9]] -> Waterwalking allows adventurers
[lava.details[10]] -> and their followers to avoid sinking
[lava.details[11]] -> into the surface of lava.
[lava.details[13]] -> Should've called it liquidwalking.
[lever.blurb[0]] -> LEVERS are reliable tools
[lever.blurb[1]] -> for a dungeon architect.
[lever.blurb[3]] -> Using hidden mechanisms, the power of
[lever.blurb[4]] -> leverage can activate anything from traps
[lever.blurb[5]] -> to doorways and even mystical gadgets.
[lever.details[0]] -> Some levers have a timed effect,
[lever.details[1]] -> requiring them to be cranked up
[lever.details[2]] -> multiple times before activating.
[lever.details[3]] -> Often these are attached to a
[lever.details[4]] -> challenge which demands speed.
[lever.details[6]] -> Sometimes lever mechanisms overlap
[lever.details[7]] -> with hidden machinery attached to
[lever.details[8]] -> other dungeon traps. These overlaps
[lever.details[9]] -> can be confusing but may also provide
[lever.details[10]] -> emergent behaviors to exploit.
[lever.details[12]] -> Player ghosts can pull levers, allowing
[lever.details[13]] -> some challenges to be cheated.
[magic trap.blurb[0]] -> These magical pylons once acted
[magic trap.blurb[1]] -> as channels of magic for those
[magic trap.blurb[2]] -> who lived here to use.
[magic trap.blurb[4]] -> They have since been corrupted
[magic trap.blurb[5]] -> into beacons of chaos.
[magic trap.details[0]] -> MAGIC TRAP TYPES:
[magic trap.details[1]] -> - Forcebolt
[magic trap.details[2]] -> - Cold
[magic trap.details[3]] -> - Fireball
[magic trap.details[4]] -> - Lightning
[magic trap.details[5]] -> - Magic Missile
[magic trap.details[6]] -> - Sleep
[magic trap.details[7]] -> - Slow
[magic trap.details[8]] -> - Confuse
[magic trap.details[10]] -> Some adventurers have the means to
[magic trap.details[11]] -> dig these traps to break them, which
[magic trap.details[12]] -> can greatly simplify exploration.
[magic trap.details[13]] -> If guiding followers, avoid confusion
[magic trap.details[14]] -> traps! Cure ailment saves friendships.
[magicians guild.blurb[0]] -> Fostering innovation and ambition, the
[magicians guild.blurb[1]] -> MAGICIANS' GUILD trains Arcanists,
[magicians guild.blurb[2]] -> Healers, and Wizards.
[magicians guild.blurb[4]] -> A paradoxical source of time-honored
[magicians guild.blurb[5]] -> wisdom and ill-conceived revolution.
[magicians guild.details[0]] -> Agents of the magicians' guild are
[magicians guild.details[1]] -> adaptable spellcasters, able to
[magicians guild.details[2]] -> read and memorize most spells, as
[magicians guild.details[3]] -> long as they have been practicing.
[magicians guild.details[5]] -> Most magicians have secondary skills
[magicians guild.details[6]] -> which allow them to reserve magic for
[magicians guild.details[7]] -> when a spell is truly necessary.
[magicians guild.details[9]] -> They follow a complex philosophy of
[magicians guild.details[10]] -> the makeup of the universe, pondering
[magicians guild.details[11]] -> how each element combines to account
[magicians guild.details[12]] -> for material reality, the spirit realm,
[magicians guild.details[13]] -> as well as human virtues and vices.
[masons guild.blurb[0]] -> Originally a guild of stoneworkers, the
[masons guild.blurb[1]] -> Masons' Guild's role in communities now
[masons guild.blurb[2]] -> includes all manner of work that
[masons guild.blurb[3]] -> requires organized use of might.
[masons guild.blurb[4]] -> Barbarians, Warriors, and Wanderers
[masons guild.blurb[5]] -> often place membership.
[masons guild.details[0]] -> A proud organization of workers
[masons guild.details[1]] -> and soldiers who are certain that
[masons guild.details[2]] -> they're the foundation of
[masons guild.details[3]] -> civilization itself.
[masons guild.details[5]] -> While other guilds may disagree
[masons guild.details[6]] -> on that point, none deny that their
[masons guild.details[7]] -> mighty arms and strong backs are to
[masons guild.details[8]] -> thank for the settlement and
[masons guild.details[9]] -> fortification of all great cities.
[masons guild.details[11]] -> Members of the masons' guild believe
[masons guild.details[12]] -> in their duty to protect peace and
[masons guild.details[13]] -> build new, fruitful futures.
[merchants guild.blurb[0]] -> An organization of Merchants, Mechanists,
[merchants guild.blurb[1]] -> and Brewers, the MERCHANTS' GUILD is
[merchants guild.blurb[2]] -> quietly respected as the most
[merchants guild.blurb[3]] -> powerful guild in the realm.
[merchants guild.blurb[5]] -> Some say Herx was a member long ago.
[merchants guild.details[0]] -> Merchants' guild members are defined
[merchants guild.details[1]] -> by their resourcefulness. While often
[merchants guild.details[2]] -> lacking in might or arcane talent, they
[merchants guild.details[3]] -> rely on found items more than others.
[merchants guild.details[5]] -> The guild shepherds associates to
[merchants guild.details[6]] -> identify and exploit tools they have
[merchants guild.details[7]] -> at their disposal to ensure success.
[merchants guild.details[9]] -> In parties, merchants' guild sponsored
[merchants guild.details[10]] -> classes are able to discover solutions
[merchants guild.details[11]] -> that traditional adventurers don't
[merchants guild.details[12]] -> often consider. Adaptability is key.
[minehead.blurb[0]] -> Just through the ruins of Hamlet
[minehead.blurb[1]] -> lies the MINEHEAD where citizens
[minehead.blurb[2]] -> slaved away for the Baron.
[minehead.blurb[4]] -> Entering this place is a one-way trip unless
[minehead.blurb[5]] -> the curse on Hamlet can be broken.
[minehead.details[0]] -> Many adventuring parties camp here
[minehead.details[1]] -> as they prepare for their attempt at
[minehead.details[2]] -> lifting the Baron's curse.
[minehead.details[4]] -> A convenient location to plan and
[minehead.details[5]] -> trade equipment or food, preparing
[minehead.details[6]] -> for the dangerous path ahead.
[minehead.details[8]] -> Allied spellcasters can benefit from
[minehead.details[9]] -> sharing spellbooks. As long as they
[minehead.details[10]] -> have the durability, memorizing each
[minehead.details[11]] -> others' spellbooks multiplies their
[minehead.details[12]] -> benefit to a party.
[mines.blurb[0]] -> Initially mined for iron, and later scoured
[mines.blurb[1]] -> in a fruitless search for gold, the MINES
[mines.blurb[2]] -> became the home of Baron Herx's
[mines.blurb[3]] -> mercenary army as they imprisoned the
[mines.blurb[4]] -> Hamlet miners.
[mines.details[0]] -> INHABITANTS:
[mines.details[1]] -> Rats, Skeletons, Spiders, Trolls,
[mines.details[2]] -> Humans
[mines.details[4]] -> NEW TRAP:
[mines.details[5]] -> Boulder Trap
[mines.details[7]] -> The mines will test your basic
[mines.details[8]] -> dungeoning skills, including ambushes,
[mines.details[9]] -> blocking, keeping an eye out for traps
[mines.details[10]] -> and managing your food supply.
[mines.details[12]] -> Avoid fights you can't win, and learn
[mines.details[13]] -> enemy weaknesses to shorten fights.
[minetown.blurb[0]] -> A place of respite within the Mines,
[minetown.blurb[1]] -> hidden from Herx's army. Thought to be
[minetown.blurb[2]] -> a myth by Hamlet miners, history doesn't
[minetown.blurb[3]] -> say if the hopeful people built MINETOWN,
[minetown.blurb[4]] -> or if they discovered it.
[minetown.details[0]] -> SECRET LEVEL TREASURES:
[minetown.details[1]] -> - Four random shops
[minetown.details[2]] -> - Four treasure chests
[minetown.details[3]] -> - Several humans to recruit
[minetown.details[5]] -> Accessing the hidden treasures in
[minetown.details[6]] -> Minetown requires a way to get past
[minetown.details[7]] -> the gates which guard the lake.
[minetown.details[8]] -> Open, dig, pickaxes or even teleport
[minetown.details[9]] -> may do the job.
[minetown.details[11]] -> Four shops means four shopkeepers.
[minetown.details[12]] -> Minetown can be dangerous to visit
[minetown.details[13]] -> for ill-prepared monsters.
[minotaur maze.blurb[0]] -> Myths tell of a maze that hides
[minotaur maze.blurb[1]] -> artifacts of unmatched power.
[minotaur maze.blurb[3]] -> The high walls and broad hallways are
[minotaur maze.blurb[4]] -> perfectly sized for a terrifyingly large
[minotaur maze.blurb[5]] -> protector who would guard such treasure.
[minotaur maze.details[0]] -> SECRET LEVEL TREASURES:
[minotaur maze.details[3]] -> Look for nearby gatehouse levers if
[minotaur maze.details[4]] -> closed gates block the way. A spell
[minotaur maze.details[5]] -> of opening, or digging, can help!
[minotaur maze.details[7]] -> The silver key at the start of the
[minotaur maze.details[8]] -> maze gives access to Gungnir in the
[minotaur maze.details[9]] -> center. But the key may be useful if
[minotaur maze.details[10]] -> you don't have need of the spear!
[molten throne.blurb[0]] -> The seat of Baphomet's power.
[molten throne.blurb[1]] -> This devil has chosen a location where
[molten throne.blurb[2]] -> magic may flow more easily to the mortal
[molten throne.blurb[3]] -> realm, allowing his influence to seep in.
[molten throne.blurb[5]] -> Other realms may similarly be close by.
[molten throne.details[0]] -> While Baphomet is a being of great
[molten throne.details[1]] -> power, an adventurer invading his
[molten throne.details[2]] -> realm is not what he expects. Herx
[molten throne.details[3]] -> is his intended puppet with whom he
[molten throne.details[4]] -> sought to corrupt the mortal world.
[molten throne.details[6]] -> Regardless, even caught unprepared,
[molten throne.details[7]] -> his mastery of fiery brimstone with
[molten throne.details[8]] -> the command of evil demons and spirits
[molten throne.details[9]] -> guarantee he won't submit easily.
[molten throne.details[11]] -> If he is defeated, beware of rival
[molten throne.details[12]] -> devils sending minotaur agents to
[molten throne.details[13]] -> claim his throne for themselves.
[murky water.blurb[0]] -> Most denizens are careful not to
[murky water.blurb[1]] -> enter foul pools of dungeon water.
[murky water.blurb[3]] -> Filled with dense rot, just about
[murky water.blurb[4]] -> anything will float on it, including
[murky water.blurb[5]] -> adventurers with places to go.
[murky water.details[0]] -> While murky water is usually a trivial
[murky water.details[1]] -> obstacle, adventurers should avoid
[murky water.details[2]] -> combat while swimming.
[murky water.details[4]] -> An amulet of olympic swimming can
[murky water.details[5]] -> all but eliminate the inconvenience
[murky water.details[6]] -> of having to swim, and can save lives
[murky water.details[7]] -> if a hasty swimming escape is needed.
[murky water.details[9]] -> Water will put out fires, and washes
[murky water.details[10]] -> away the effects of polymorph.
[murky water.details[11]] -> Monsters should make sure their
[murky water.details[12]] -> shopping is done before falling in.
[mystic library.blurb[0]] -> The Magicians' Guild still
[mystic library.blurb[1]] -> holds a strange connection to
[mystic library.blurb[2]] -> the MYSTIC LIBRARY, a pocket dimension
[mystic library.blurb[3]] -> accessible by magic from the ruins
[mystic library.blurb[4]] -> buried deep beneath Hamlet.
[mystic library.details[0]] -> SECRET LEVEL TREASURES:
[mystic library.details[1]] -> - Chests of random magic items
[mystic library.details[2]] -> - Several humans to recruit
[mystic library.details[4]] -> The library is filled with rewards
[mystic library.details[5]] -> for friendly adventurers. Use dig and
[mystic library.details[6]] -> levitate to explore for hidden chests.
[mystic library.details[8]] -> Caches of scrolls, spellbooks, and
[mystic library.details[9]] -> magicstaffs can help late-blooming
[mystic library.details[10]] -> magic-users to mature their craft.
[mystic library.details[11]] -> Non-magic users can still benefit
[mystic library.details[12]] -> from many of the scrolls.
[obelisk.blurb[0]] -> The shapeless void of the Underworld
[obelisk.blurb[1]] -> can be confusing to traverse.
[obelisk.blurb[3]] -> These shrines seize upon hapless spirits
[obelisk.blurb[4]] -> when touched, carrying them off to
[obelisk.blurb[5]] -> another part of the realm.
[obelisk.details[0]] -> While initially random, obelisks lead
[obelisk.details[1]] -> to each room in sequence, eventually
[obelisk.details[2]] -> looping back around to the start.
[obelisk.details[4]] -> This does enable exploration of the
[obelisk.details[5]] -> underworld's sea of pits, but also
[obelisk.details[6]] -> sends adventurers along with no
[obelisk.details[7]] -> no warning of what awaits them on the
[obelisk.details[8]] -> other side.
[obelisk.details[10]] -> Some adventurers ready potions,
[obelisk.details[11]] -> stealth, or a raised shield. Others
[obelisk.details[12]] -> send a follower through first, waiting
[obelisk.details[13]] -> to see if they survive the journey.
[pits.blurb[0]] -> Ambling denizens are wise enough
[pits.blurb[1]] -> not to fling themselves into the
[pits.blurb[2]] -> vast emptiness of PITS.
[pits.blurb[3]] -> Those who defy gravity should make
[pits.blurb[4]] -> sure to land on solid ground,
[pits.blurb[5]] -> or face certain death.
[pits.details[0]] -> Pits often taunt adventurers with
[pits.details[1]] -> unreachable treasures on the other
[pits.details[2]] -> side.
[pits.details[4]] -> While levitation is a great
[pits.details[5]] -> solution, often one might also find
[pits.details[6]] -> access by digging through walls or
[pits.details[7]] -> opening gates on the other side.
[pits.details[9]] -> Adventuring parties may find pits
[pits.details[10]] -> to be a convenient way to dispose of
[pits.details[11]] -> unwanted items, making sure allies
[pits.details[12]] -> don't waste time picking through
[pits.details[13]] -> piles of cursed junk.
[portcullis.blurb[0]] -> A portcullis that can only be
[portcullis.blurb[1]] -> passed by raising its iron bars.
[portcullis.blurb[3]] -> Most often, a nearby lever will operate it,
[portcullis.blurb[4]] -> though crafty magic may also do the job.
[portcullis.details[0]] -> Not all gates have a lever that
[portcullis.details[1]] -> operates them. A spell of opening
[portcullis.details[2]] -> will allow adventurers to bypass
[portcullis.details[3]] -> many dungeon challenges and traps.
[portcullis.details[5]] -> Since only the minotaur can shatter
[portcullis.details[6]] -> gates, using a lever to close an open
[portcullis.details[7]] -> gate is a very reliable way to keep
[portcullis.details[8]] -> monsters away if you need a moment.
[portcullis.details[10]] -> Some gates are held closed by a
[portcullis.details[11]] -> mechanism, rather than being held
[portcullis.details[12]] -> open by one. These gates cannot be
[portcullis.details[13]] -> opened with magic.
[ruins.blurb[0]] -> No one knows which ancient tribe
[ruins.blurb[1]] -> built these enchanted RUINS.
[ruins.blurb[3]] -> Legends tell of a magical catastrophe that
[ruins.blurb[4]] -> once sent an entire city to the underworld
[ruins.blurb[5]] -> forever. Perhaps this is that place.
[ruins.details[0]] -> INHABITANTS:
[ruins.details[1]] -> Demons, Gnomes, Young Vampires,
[ruins.details[2]] -> Bugbears, Damaged Automatons
[ruins.details[4]] -> NEW TRAP:
[ruins.details[5]] -> Magic Trap
[ruins.details[7]] -> The ruins' open spaces are far easier
[ruins.details[8]] -> to navigate than the labyrinths, but
[ruins.details[9]] -> the threats may come from anywhere.
[ruins.details[10]] -> Situational awareness and decisive
[ruins.details[11]] -> damage are essential for success.
[ruins.details[13]] -> Traverse pits to discover secrets.
[shop.blurb[0]] -> SHOPS are recognizable no
[shop.blurb[1]] -> matter where they're found.
[shop.blurb[3]] -> Even monsters know not to threaten
[shop.blurb[4]] -> shopkeepers, but they won't mind if you
[shop.blurb[5]] -> rummage through their chests for freebies.
[shop.details[0]] -> SHOP TYPES:
[shop.details[1]] -> - Arms & Armor
[shop.details[2]] -> - Hats
[shop.details[3]] -> - Hunting Supply
[shop.details[4]] -> - Delicatessen
[shop.details[5]] -> - Alchemist
[shop.details[6]] -> - Hardware Store
[shop.details[7]] -> - Magicstaffs
[shop.details[8]] -> - Bookstore
[shop.details[9]] -> - Jeweler
[shop.details[10]] -> - General Store
[shop.details[12]] -> Each shop has a sign signifying
[shop.details[13]] -> the kind of wares it trades in.
[shop.details[14]] -> Only general stores buy all goods.
[shop.details[16]] -> Usually it's a good idea to spend!
[shop.details[17]] -> Shops may be rare, so taking the
[shop.details[18]] -> opportunity to buy supplies and earn
[shop.details[19]] -> trading skill is often a wise choice.
[shop.details[21]] -> With some trade skill, and charisma,
[shop.details[22]] -> shoppers can access a shop's private
[shop.details[23]] -> stock of consumables to help stay
[shop.details[24]] -> in good health and keep gear keen.
[shop.details[25]] -> A shop's private stock varies based on
[shop.details[26]] -> the shop type, often complementing the
[shop.details[27]] -> goods available for trade.
[shop.details[29]] -> Monsters, and adventurers marked
[shop.details[30]] -> with the WANTED status, are attacked
[shop.details[31]] -> on-sight by shopkeepers.
[shop.details[32]] -> Avoid collateral damage by making
[shop.details[33]] -> sure you are not between a
[shop.details[34]] -> shopkeeper and his target.
[sink.blurb[0]] -> SINK water may restore a little hunger,
[sink.blurb[1]] -> but the water can be scalding, slimes can
[sink.blurb[2]] -> hide in the pipes, and the plumbing
[sink.blurb[3]] -> quickly breaks.
[sink.blurb[5]] -> Use with empty bottles for best results.
[sink.details[0]] -> SINK USE POSSIBILITIES:
[sink.details[1]] -> - 60% Fresh Water
[sink.details[2]] -> - 20% Scalding Water
[sink.details[3]] -> - 10% Slime
[sink.details[4]] -> - 10% Find Ring
[sink.details[6]] -> Fresh sink water, served at the proper
[sink.details[7]] -> temperature, restores 1 HP. Those who
[sink.details[8]] -> have recently eaten a filling meal
[sink.details[9]] -> should take care when drinking from
[sink.details[10]] -> sinks so as not to be over-filled.
[sink.details[12]] -> If a slime emerges while tapping with
[sink.details[13]] -> an empty bottle, acid will be collected.
[sokoban.blurb[0]] -> Those who enter here say they feel
[sokoban.blurb[1]] -> watched and judged, as though they
[sokoban.blurb[2]] -> are being tested.
[sokoban.blurb[3]] -> Cynics claim it is a trick by cruel
[sokoban.blurb[4]] -> gods who enjoy watching mortals
[sokoban.blurb[5]] -> starve to death.
[sokoban.details[0]] -> SECRET LEVEL TREASURES:
[sokoban.details[1]] -> - Djinni's Brace
[sokoban.details[2]] -> - A fortune in gold pieces
[sokoban.details[4]] -> To solve this challenge, one must rid
[sokoban.details[5]] -> the room of all boulders using a ring
[sokoban.details[6]] -> of might or potion of strength.
[sokoban.details[8]] -> Pushing all boulders into pits is the
[sokoban.details[9]] -> path to victory, avoid letting them
[sokoban.details[10]] -> become stuck in corners - boulders
[sokoban.details[11]] -> cannot be pulled backward!
[sokoban.details[13]] -> Rewards will be reduced if boulders
[sokoban.details[14]] -> are destroyed to complete the puzzle.
[spike trap.blurb[0]] -> Somebody was either very cruel or
[spike trap.blurb[1]] -> terrified of something very large when
[spike trap.blurb[2]] -> they created these brutal devices.
[spike trap.blurb[4]] -> They are easy enough to spot and avoid...
[spike trap.blurb[5]] -> if you have time to watch your step.
[spike trap.details[0]] -> Spikes deal 50 damage, regardless
[spike trap.details[1]] -> of the victim's armor or constitution.
[spike trap.details[2]] -> Many spike traps trigger when walked
[spike trap.details[3]] -> on or over, regardless of levitation.
[spike trap.details[5]] -> Neutralize spikes by tossing
[spike trap.details[6]] -> an unwanted item on the trap, and
[spike trap.details[7]] -> they will not normally rearm until
[spike trap.details[8]] -> the item is removed. This will help
[spike trap.details[9]] -> followers survive as they wander.
[spike trap.details[11]] -> These traps are only dangerous when
[spike trap.details[12]] -> thrusting from below. Navigate
[spike trap.details[13]] -> through raised spikes to provide more
[spike trap.details[14]] -> time to maneuver certain challenges!
[summoning trap.blurb[0]] -> Empowered by arcane rituals the
[summoning trap.blurb[1]] -> SUMMONING TRAP can turn an empty room
[summoning trap.blurb[2]] -> into a deadly battlefield in an instant.
[summoning trap.blurb[4]] -> Take care when near these symbols.
[summoning trap.blurb[5]] -> They can be activated in many ways.
[summoning trap.details[0]] -> The symbol on the floor signals
[summoning trap.details[1]] -> the presence of this trap, but
[summoning trap.details[2]] -> drawing near, operating a lever,
[summoning trap.details[3]] -> or taking an offering from the floor
[summoning trap.details[4]] -> may all trigger the summoning.
[summoning trap.details[6]] -> Loud booms accompany activation
[summoning trap.details[7]] -> as demonic spirits transfer.
[summoning trap.details[9]] -> Some zealous adventurers like to
[summoning trap.details[10]] -> tempt summon traps, beckoning more
[summoning trap.details[11]] -> hellspawn to slay. But this is a risky
[summoning trap.details[12]] -> prospect, with little way of knowing
[summoning trap.details[13]] -> what kind of fight awaits.
[swamps.blurb[0]] -> Dense plants here were obliterated in the
[swamps.blurb[1]] -> effort to expand the Hamlet mines, but
[swamps.blurb[2]] -> the hydrophilic flora quickly recovered.
[swamps.blurb[4]] -> Sadly, the vegetation is known to
[swamps.blurb[5]] -> cause psychosis when eaten.
[swamps.details[0]] -> INHABITANTS:
[swamps.details[1]] -> Spiders, Goblins, Slimes, Ghouls, Trolls
[swamps.details[3]] -> NEW TRAP:
[swamps.details[4]] -> Arrow Trap
[swamps.details[6]] -> The swamps feature new threats
[swamps.details[7]] -> that attack at range. Stealth helps!
[swamps.details[9]] -> Beware goblins with magicstaffs.
[swamps.details[10]] -> Magic reflection is ideal if available.
[swamps.details[11]] -> Otherwise, ambush, or fight from afar
[swamps.details[12]] -> so you can dodge projectiles.
[swamps.details[13]] -> Dip into water to douse flames.
[temple.blurb[0]] -> An evil god has heard the prayers of
[temple.blurb[1]] -> swamp goblins and has provided a place
[temple.blurb[2]] -> on the surface for them to make blood
[temple.blurb[3]] -> sacrifices. A deadly path to this TEMPLE
[temple.blurb[4]] -> is provided for worship.
[temple.details[0]] -> SECRET LEVEL TREASURES:
[temple.details[1]] -> - 4 Potions of strength
[temple.details[2]] -> - A hoard of gold pieces
[temple.details[3]] -> - Several treasure chests
[temple.details[5]] -> Hidden rooms make use of a silver
[temple.details[6]] -> key, revealing more treasures.
[temple.details[7]] -> The Temple's traps may shut down
[temple.details[8]] -> access to secret areas if explorers
[temple.details[9]] -> are careless, or prisoners are freed.
[temple.details[11]] -> It is wise to take time to plan ahead
[temple.details[12]] -> to avoid blunders in the Temple.
[the church.blurb[0]] -> Officials of THE CHURCH play a passive
[the church.blurb[1]] -> cultural role until things get out of hand.
[the church.blurb[3]] -> Clerics, Monks, and Sextons act as
[the church.blurb[4]] -> agents of action when wrongs need
[the church.blurb[5]] -> to be made right.
[the church.details[0]] -> Members of the church see the events
[the church.details[1]] -> of the world as a tapestry of great
[the church.details[2]] -> purpose, and devote their lives seeking
[the church.details[3]] -> to understand and uphold it.
[the church.details[5]] -> With little ambition, officers usually
[the church.details[6]] -> withdraw from public affairs. But no
[the church.details[7]] -> other organization is so unified as the
[the church.details[8]] -> church when they find the course of
[the church.details[9]] -> history is straying from its purpose.
[the church.details[11]] -> Church agents tend to be practical,
[the church.details[12]] -> embracing physical and magic talents
[the church.details[13]] -> that provide uncomplicated utility.
[transition floor.blurb[0]] -> Each layer of the dungeons was once
[transition floor.blurb[1]] -> newly discovered, as miners dug deeper.
[transition floor.blurb[3]] -> Natural fissures formed between layers,
[transition floor.blurb[4]] -> requiring a bridge to be built, often
[transition floor.blurb[5]] -> taking weeks to finish.
[transition floor.details[0]] -> There is a strange sense of peace
[transition floor.details[1]] -> that occupies transition floors,
[transition floor.details[2]] -> causing adventurers to hunger at a
[transition floor.details[3]] -> much slower rate than normal.
[transition floor.details[4]] -> The perfect spot to take a break.
[transition floor.details[6]] -> Be warned, mimics may still take
[transition floor.details[7]] -> the place of treasure chests here.
[transition floor.details[9]] -> The transition floor between the
[transition floor.details[10]] -> mines and swamps contains a hidden
[transition floor.details[11]] -> portal to the underworld.
[transition floor.details[12]] -> If one wishes to risk a visit, some
[transition floor.details[13]] -> method of digging is needed.
[underworld.blurb[0]] -> These catacombs are the first destination
[underworld.blurb[1]] -> for souls who have recently died.
[underworld.blurb[3]] -> Depending on how they lived, the other
[underworld.blurb[4]] -> denizens of the Underworld may cast them
[underworld.blurb[5]] -> further down into Hell.
[underworld.details[0]] -> INHABITANTS:
[underworld.details[1]] -> Skeletons, Slimes, Ghouls, Imps,
[underworld.details[2]] -> Shadows
[underworld.details[4]] -> SECRET LEVEL TREASURES:
[underworld.details[5]] -> - Khryselakatos (Lvl 7)
[underworld.details[7]] -> The underworld can be accessed twice
[underworld.details[8]] -> via secret entrances on floor 5 and 18.
[underworld.details[9]] -> In both cases, adventurers who find
[underworld.details[10]] -> a trapdoor down to a second floor of
[underworld.details[11]] -> the underworld will find a deadly
[underworld.details[12]] -> reward awaiting them.
[underworld.details[14]] -> Beware, most foes attack across pits.
[cauldron.blurb[0]] -> Whether you need to boil potion
[cauldron.blurb[1]] -> mixtures, or cook up a hot meal,
[cauldron.blurb[2]] -> the sturdy CAULDRON is a practical
[cauldron.blurb[3]] -> fixture for any facility.
[cauldron.blurb[4]] -> Shame it's too heavy
[cauldron.blurb[5]] -> to take along with you!
[cauldron.details[0]] -> Finding a cauldron is an opportunity
[cauldron.details[1]] -> for any adventurer, whether or not
[cauldron.details[2]] -> they are skilled in alchemy, to ease
[cauldron.details[3]] -> pressure on inventory space. Cooking
[cauldron.details[4]] -> consolidates any food into rations,
[cauldron.details[5]] -> while decanting consolidates potions.
[cauldron.details[7]] -> Combining potions and rations allows
[cauldron.details[8]] -> for the creation of flavored food
[cauldron.details[9]] -> which can enhance adventurer stats.
[cauldron.details[11]] -> Those with 80 or more skill in alchemy
[cauldron.details[12]] -> are able to make fresh rations, safe
[cauldron.details[13]] -> from the perils of indigestion.
[workbench.blurb[0]] -> While not as convenient as the portable
[workbench.blurb[1]] -> tinkering kit, the WORKBENCH has all the
[workbench.blurb[2]] -> same tools available for resourceful
[workbench.blurb[3]] -> adventurers to fashion useful items for
[workbench.blurb[4]] -> the obstacles which lie ahead.
[workbench.details[0]] -> As a sturdier table and set of heftier
[workbench.details[1]] -> tools, workbenches do not degrade,
[workbench.details[2]] -> making it an efficient find, even if
[workbench.details[3]] -> carrying a tinkering kit.
[workbench.details[5]] -> Many adventurers may benefit from
[workbench.details[6]] -> occasional tinkering, particularly
[workbench.details[7]] -> for keeping tools handy, like
[workbench.details[8]] -> empty flasks, lockpicks, or traps.
[workbench.details[10]] -> As only the mechanist class starts with
[workbench.details[11]] -> the kit, but several others have some
[workbench.details[12]] -> tinkering skill, the workbench allows
[workbench.details[13]] -> broader use of tinkering tools.
[button.blurb[0]] -> Like the lever, BUTTONS can be pressed
[button.blurb[1]] -> manually, but may also be struck from
[button.blurb[2]] -> afar with projectiles to activate
[button.blurb[3]] -> dungeon mechanisms.
[button.blurb[4]] -> Some are designed to reset after a time.
[button.details[0]] -> Not much needs to be said about the
[button.details[1]] -> humble dungeon button.
[button.details[3]] -> Architects may prefer buttons over
[button.details[4]] -> levers, as no clear floor space is
[button.details[5]] -> required, and buttons are easier
[button.details[6]] -> to hide on walls where outsiders
[button.details[7]] -> are not intended to access.
[button.details[9]] -> Beware a button which resets, as
[button.details[10]] -> it usually heralds a puzzle, or
[button.details[11]] -> perhaps a trap for the careless.
[wall locks.blurb[0]] -> Usually used to secure impenetrable iron
[wall locks.blurb[1]] -> doors, the WALL LOCK requires a key made
[wall locks.blurb[2]] -> from matching materials.
[wall locks.blurb[3]] -> Locks may operate other dungeon gadgets
[wall locks.blurb[4]] -> and, in some cases, may be toggled to
[wall locks.blurb[5]] -> activate and deactivate a gadget.
[wall locks.details[0]] -> As iron doors are most often used to
[wall locks.details[1]] -> guard precious items or gold, keys are
[wall locks.details[2]] -> often traded for treasures.
[wall locks.details[3]] -> Adventurers should make use of the
[wall locks.details[4]] -> handy window installed in iron doors
[wall locks.details[5]] -> to first peek at the prize within,
[wall locks.details[6]] -> presuming they're tall enough.
[wall locks.details[8]] -> Iron, Bronze, and some Silver locks
[wall locks.details[9]] -> may be picked by sufficiently skilled
[wall locks.details[10]] -> Tinkerers, or with a Skeleton Key.
[wall locks.details[11]] -> But as the value of the treasure
[wall locks.details[12]] -> increases with the depth of the
[wall locks.details[13]] -> dungeon, so too does security.
[arcane boulder.blurb[0]] -> Though boulders are already a deadly
[arcane boulder.blurb[1]] -> hazard, concentrations of crystal 
[arcane boulder.blurb[2]] -> imbues them with dangerous magic.
[arcane boulder.blurb[4]] -> Arcane boulders roll with enhanced speed
[arcane boulder.blurb[5]] -> and momentum, defying physical laws.
[arcane boulder.details[0]] -> The most deadly boulder trap, those
[arcane boulder.details[1]] -> who live long enough to face these
[arcane boulder.details[2]] -> imposing orbs should be adept at
[arcane boulder.details[3]] -> avoiding them.
[arcane boulder.details[5]] -> Beware, they fall and roll much
[arcane boulder.details[6]] -> faster, and can roll over liquid
[arcane boulder.details[7]] -> and pits unimpeded, and their
[arcane boulder.details[8]] -> crushing power is enhanced with
[arcane boulder.details[9]] -> a magical detonation.
[arcane boulder.details[11]] -> Those with Push or Telekinesis may
[arcane boulder.details[12]] -> be able to put these magical
[arcane boulder.details[13]] -> qualities to use.
[assist shrine.blurb[0]] -> The ASSIST SHRINE did not always grace
[assist shrine.blurb[1]] -> the Minehead entry. The Church claims the
[assist shrine.blurb[2]] -> Eternals placed it there to:
[assist shrine.blurb[3]] -> ''Bless the courageous to defeat Herx and
[assist shrine.blurb[4]] -> end his curse; Give hope to the hopeless.''
[assist shrine.blurb[5]] -> (for better or worse)
[assist shrine.details[0]] -> When claiming items from the assist
[assist shrine.details[1]] -> shrine, a party should be aware that
[assist shrine.details[2]] -> they will be judged according to the
[assist shrine.details[3]] -> sum total of assistance taken.
[assist shrine.details[4]] -> For parties with mixed expertise, this
[assist shrine.details[5]] -> can allow stronger adventurers to
[assist shrine.details[6]] -> bear the full challenge, while novices
[assist shrine.details[7]] -> face a much less daunting challenge.
[assist shrine.details[9]] -> Adventuring solo, even novice heroes
[assist shrine.details[10]] -> can accomplish great feats by taking
[assist shrine.details[11]] -> much more assistance.
[assist shrine.details[13]] -> There is no shame in doing so!

📂 ARCHIVO: lang/item_names.json
---------------------------------------------------------------------------
[items.gem_jade.name_identified] -> jade
[items.scutum.name_identified] -> scutum
[items.scutum.name_unidentified] -> scutum
[items.anelace_sword.name_identified] -> anelace
[items.anelace_sword.name_unidentified] -> anelace
[spell_names.spell_reflector.name] -> Reflector

